date,ww,plant,line,machine,lot,tab,pzt,category,sub_category,fail,pass,total
2026-08-31,36,plant-A,line-A4,machine-A10,lot-1,uP,bPZT,category-3,sub-b2,17,0,17
2026-08-31,36,plant-B,line-B4,machine-B8,lot-5,DN,aPZT,category-5,sub-a6,29,0,29
2026-08-31,36,plant-A,line-A6,machine-A1,lot-10,DN,aPZT,pass,pass,0,2068,2109
2026-08-31,36,plant-A,line-A6,machine-A1,lot-10,DN,bPZT,category-4,sub-b3,9,0,9
2026-08-31,36,plant-B,line-B1,machine-B3,lot-4,DN,aPZT,pass,pass,0,2278,2295
2026-08-31,36,plant-A,line-A4,machine-A10,lot-1,UP,bPZT,category-4,sub-b7,37,0,37
2026-08-31,36,plant-B,line-B4,machine-B8,lot-5,DN,aPZT,category-1,sub-a8,6,0,6
2026-08-31,36,plant-B,line-B1,machine-B3,lot-4,UP,aPZT,category-5,sub-a9,39,0,39
2026-08-31,36,plant-B,line-B1,machine-B3,lot-4,UP,aPZT,category-2,sub-a1,5,0,5
2026-08-31,36,plant-B,line-B4,machine-B8,lot-5,UP,bPZT,pass,pass,0,2276,2395
2026-08-31,36,plant-A,line-A6,machine-A1,lot-10,DN,aPZT,category-4,sub-a8,15,0,15
2026-08-31,36,plant-A,line-A6,machine-A1,lot-10,UP,bPZT,category-2,sub-b9,3,0,3
2026-08-31,36,plant-A,line-A6,machine-A1,lot-10,DN,bPZT,pass,pass,0,2068,2091
2026-08-31,36,plant-B,line-B4,machine-B8,lot-5,UP,aPZT,category-5,sub-a5,25,0,25
2026-08-31,36,plant-B,line-B1,machine-B3,lot-4,DN,bPZT,category-4,,17,0,17
2026-08-31,36,plant-A,line-A4,machine-A10,lot-1,dN,aPZT,pass,,0,2300,2383
2026-08-31,36,plant-A,line-A4,machine-A10,lot-1,UP,bPZT,category-2,sub-b4,4,0,4
2026-08-31,36,plant-B,line-B1,machine-B3,lot-4,DN,bPZT,pass,pass,0,2278,2401
2026-08-31,36,plant-B,line-B4,machine-B8,lot-5,UP,aPZT,pass,pass,0,2276,2302
2026-08-31,36,plant-B,line-B4,machine-B8,lot-5,DN,bPZT,category-3,sub-b2,26,0,26
2026-08-31,36,plant-B,line-B1,machine-B3,lot-4,UP,aPZT,category-3,sub-a7,37,0,37
2026-08-31,36,plant-A,line-A4,machine-A10,lot-1,UP,bPZT,pass,pass,0,2300,2302
2026-08-31,36,plant-B,line-B4,machine-B8,lot-5,DN,aPZT,category-5,sub-a10,23,0,23
2026-08-31,36,plant-A,line-A6,machine-A1,lot-10,DN,aPZT,category-1,sub-a10,8,0,8
2026-08-31,36,plant-A,line-A4,machine-A10,lot-1,DN,bPZT,category-2,sub-b6,25,0,25
2026-08-31,36,plant-B,line-B1,machine-B3,lot-4,DN,aPZT,category-1,sub-a8,23,0,23
2026-08-31,36,plant-A,line-A6,machine-A1,lot-10,UP,bPZT,category-2,sub-b10,29,0,29
2026-08-31,36,plant-B,line-B4,machine-B8,lot-5,DN,aPZT,category-2,sub-a3,36,0,36
2026-08-31,36,plant-B,line-B1,machine-B3,lot-4,UP,aPZT,category-4,sub-a1,19,0,19
2026-08-31,36,plant-A,line-A4,machine-A10,lot-1,Dn,aPZT,category-4,,2,0,2
2026-09-01,36,plant-B,line-B8,machine-B6,lot-6,UP,bPZT,category-4,sub-b1,1,0,1
2026-09-01,36,plant-B,line-B5,machine-B6,lot-3,UP,bPZT,pass,pass,0,2884,2897
2026-09-01,36,plant-B,line-B5,machine-B2,lot-5,dn,bPZT,category-2,,6,0,6
2026-09-01,36,plant-B,line-B5,machine-B6,lot-3,UP,aPZT,pass,pass,0,2884,2919
2026-09-01,36,plant-B,line-B8,machine-B6,lot-6,UP,aPZT,pass,pass,0,2077,2160
2026-09-01,36,plant-B,line-B5,machine-B2,lot-5,DN,bPZT,pass,pass,0,2296,2413
2026-09-01,36,plant-B,line-B8,machine-B6,lot-6,UP,aPZT,category-5,sub-a6,17,0,17
2026-09-01,36,plant-B,line-B8,machine-B6,lot-6,DN,bPZT,category-3,sub-b3,37,0,37
2026-09-01,36,plant-A,line-A7,machine-A3,lot-9,DN,bPZT,pass,pass,0,2147,2232
2026-09-01,36,plant-B,line-B8,machine-B6,lot-6,DN,bPZT,category-1,sub-b5,23,0,23
2026-09-01,36,plant-A,line-A7,machine-A3,lot-9,UP,aPZT,category-4,sub-a5,8,0,8
2026-09-01,36,plant-B,line-B8,machine-B6,lot-6,UP,bPZT,pass,pass,0,2077,2126
2026-09-01,36,plant-B,line-B5,machine-B6,lot-3,UP,aPZT,category-2,sub-a8,6,0,6
2026-09-01,36,plant-A,line-A7,machine-A3,lot-9,UP,aPZT,category-1,sub-a8,40,0,40
2026-09-01,36,plant-A,line-A7,machine-A3,lot-9,DN,bPZT,category-2,sub-b5,1,0,1
2026-09-01,36,plant-B,line-B5,machine-B2,lot-5,DN,aPZT,category-5,sub-a8,6,0,6
2026-09-01,36,plant-B,line-B5,machine-B2,lot-5,UP,aPZT,pass,pass,0,2296,2302
2026-09-01,36,plant-A,line-A7,machine-A3,lot-9,DN,aPZT,pass,pass,0,2147,2174
2026-09-01,36,plant-B,line-B5,machine-B2,lot-5,UP,aPZT,category-4,sub-a9,29,0,29
2026-09-01,36,plant-B,line-B5,machine-B6,lot-3,UP,aPZT,category-3,sub-a4,1,0,1
2026-09-01,36,plant-B,line-B5,machine-B2,lot-5,dN,aPZT,category-4,,29,0,29
2026-09-01,36,plant-A,line-A7,machine-A3,lot-9,DN,aPZT,category-1,sub-a6,37,0,37
2026-09-01,36,plant-A,line-A7,machine-A3,lot-9,UP,bPZT,category-4,sub-b9,26,0,26
2026-09-01,36,plant-B,line-B8,machine-B6,lot-6,UP,bPZT,category-3,sub-b4,22,0,22
2026-09-01,36,plant-B,line-B5,machine-B2,lot-5,UP,aPZT,category-5,sub-a2,37,0,37
2026-09-01,36,plant-B,line-B5,machine-B6,lot-3,DN,aPZT,category-2,sub-a8,6,0,6
2026-09-01,36,plant-B,line-B5,machine-B2,lot-5,UP,aPZT,category-2,sub-a6,16,0,16
2026-09-01,36,plant-B,line-B5,machine-B6,lot-3,UP,bPZT,category-3,,11,0,11
2026-09-01,36,plant-B,line-B5,machine-B6,lot-3,UP,bPZT,category-2,sub-b3,24,0,24
2026-09-01,36,plant-B,line-B8,machine-B6,lot-6,DN,aPZT,category-1,sub-a5,32,0,32
2026-09-02,36,plant-B,line-B10,machine-B7,lot-6,UP,bPZT,pass,pass,0,2838,2969
2026-09-02,36,plant-B,line-B8,machine-B2,lot-3,DN,bPZT,category-1,sub-b9,8,0,8
2026-09-02,36,plant-B,line-B8,machine-B2,lot-3,DN,aPZT,pass,pass,0,2191,2262
2026-09-02,36,plant-B,line-B8,machine-B2,lot-3,DN,aPZT,category-1,sub-a2,31,0,31
2026-09-02,36,plant-B,line-B10,machine-B7,lot-6,DN,aPZT,category-2,sub-a3,36,0,36
2026-09-02,36,plant-B,line-B2,machine-B10,lot-7,DN,bPZT,category-3,sub-b9,27,0,27
2026-09-02,36,plant-B,line-B10,machine-B7,lot-6,UP,aPZT,category-2,,33,0,33
2026-09-02,36,plant-B,line-B2,machine-B10,lot-7,DN,bPZT,pass,pass,0,2855,2884
2026-09-02,36,plant-B,line-B2,machine-B10,lot-7,UP,bPZT,category-2,sub-b3,7,0,7
2026-09-02,36,plant-B,line-B10,machine-B7,lot-6,UP,aPZT,category-2,sub-a4,15,0,15
2026-09-02,36,plant-A,line-A10,machine-A8,lot-8,DN,aPZT,pass,pass,0,2515,2547
2026-09-02,36,plant-B,line-B2,machine-B10,lot-7,UP,aPZT,category-3,sub-a7,29,0,29
2026-09-02,36,plant-B,line-B8,machine-B2,lot-3,UP,bPZT,pass,pass,0,2191,2222
2026-09-02,36,plant-B,line-B8,machine-B2,lot-3,UP,bPZT,category-4,,40,0,40
2026-09-02,36,plant-B,line-B8,machine-B2,lot-3,UP,bPZT,category-1,sub-b5,13,0,13
2026-09-02,36,plant-B,line-B10,machine-B7,lot-6,UP,aPZT,pass,pass,0,2838,2871
2026-09-02,36,plant-B,line-B10,machine-B7,lot-6,UP,aPZT,category-1,,16,0,16
2026-09-02,36,plant-B,line-B10,machine-B7,lot-6,UP,bPZT,category-3,sub-b8,33,0,33
2026-09-02,36,plant-A,line-A10,machine-A8,lot-8,UP,aPZT,category-1,sub-a9,18,0,18
2026-09-02,36,plant-B,line-B2,machine-B10,lot-7,UP,bPZT,category-3,sub-b5,32,0,32
2026-09-02,36,plant-A,line-A10,machine-A8,lot-8,UP,bPZT,category-1,sub-b5,1,0,1
2026-09-02,36,plant-B,line-B2,machine-B10,lot-7,UP,aPZT,pass,pass,0,2855,2986
2026-09-02,36,plant-A,line-A10,machine-A8,lot-8,UP,bPZT,category-4,sub-b7,3,0,3
2026-09-02,36,plant-A,line-A10,machine-A8,lot-8,DN,bPZT,pass,,0,2515,2557
2026-09-02,36,plant-A,line-A10,machine-A8,lot-8,UP,bPZT,category-1,sub-b8,28,0,28
2026-09-02,36,plant-B,line-B8,machine-B2,lot-3,UP,bPZT,category-4,sub-b4,10,0,10
2026-09-02,36,plant-B,line-B2,machine-B10,lot-7,DN,bPZT,category-5,sub-b2,27,0,27
2026-09-02,36,plant-B,line-B10,machine-B7,lot-6,DN,aPZT,category-2,sub-a9,31,0,31
2026-09-02,36,plant-B,line-B2,machine-B10,lot-7,UP,bPZT,category-4,sub-b7,38,0,38
2026-09-02,36,plant-A,line-A10,machine-A8,lot-8,UP,aPZT,category-2,sub-a2,24,0,24
2026-09-03,36,plant-A,line-A8,machine-A9,lot-3,up,aPZT,pass,pass,0,2121,2159
2026-09-03,36,plant-B,line-B1,machine-B6,lot-8,Dn,aPZT,category-5,sub-a10,26,0,26
2026-09-03,36,plant-B,line-B1,machine-B6,lot-8,DN,bPZT,category-4,sub-b8,29,0,29
2026-09-03,36,plant-A,line-A1,machine-A9,lot-1,UP,aPZT,category-2,sub-a1,19,0,19
2026-09-03,36,plant-A,line-A8,machine-A9,lot-3,UP,bPZT,pass,pass,0,2121,2202
2026-09-03,36,plant-A,line-A8,machine-A9,lot-3,DN,aPZT,category-2,sub-a9,19,0,19
2026-09-03,36,plant-B,line-B3,machine-B1,lot-7,DN,bPZT,pass,pass,0,2588,2681
2026-09-03,36,plant-A,line-A1,machine-A9,lot-1,UP,aPZT,category-1,sub-a5,9,0,9
2026-09-03,36,plant-A,line-A8,machine-A9,lot-3,DN,aPZT,category-4,sub-a9,36,0,36
2026-09-03,36,plant-B,line-B3,machine-B1,lot-7,UP,bPZT,category-4,sub-b5,14,0,14
2026-09-03,36,plant-B,line-B1,machine-B6,lot-8,UP,bPZT,category-2,sub-b5,7,0,7
2026-09-03,36,plant-B,line-B1,machine-B6,lot-8,UP,bPZT,category-4,sub-b2,12,0,12
2026-09-03,36,plant-B,line-B1,machine-B6,lot-8,UP,bPZT,category-4,sub-b1,27,0,27
2026-09-03,36,plant-A,line-A8,machine-A9,lot-3,UP,aPZT,category-3,sub-a7,6,0,6
2026-09-03,36,plant-A,line-A8,machine-A9,lot-3,up,bPZT,category-3,,13,0,13
2026-09-03,36,plant-B,line-B3,machine-B1,lot-7,DN,aPZT,category-3,sub-a3,20,0,20
2026-09-03,36,plant-B,line-B3,machine-B1,lot-7,UP,aPZT,category-1,,5,0,5
2026-09-03,36,plant-B,line-B1,machine-B6,lot-8,DN,aPZT,pass,,0,2987,3064
2026-09-03,36,plant-B,line-B3,machine-B1,lot-7,UP,aPZT,category-4,sub-a9,36,0,36
2026-09-03,36,plant-A,line-A8,machine-A9,lot-3,DN,aPZT,category-5,sub-a3,20,0,20
2026-09-03,36,plant-B,line-B3,machine-B1,lot-7,UP,aPZT,pass,pass,0,2588,2602
2026-09-03,36,plant-B,line-B1,machine-B6,lot-8,UP,bPZT,pass,pass,0,2987,3013
2026-09-03,36,plant-A,line-A1,machine-A9,lot-1,DN,bPZT,pass,pass,0,2910,3007
2026-09-03,36,plant-A,line-A1,machine-A9,lot-1,DN,aPZT,category-1,sub-a5,34,0,34
2026-09-03,36,plant-A,line-A1,machine-A9,lot-1,DN,aPZT,pass,pass,0,2910,2941
2026-09-03,36,plant-B,line-B3,machine-B1,lot-7,UP,aPZT,category-1,,32,0,32
2026-09-03,36,plant-A,line-A1,machine-A9,lot-1,uP,bPZT,category-1,sub-b10,31,0,31
2026-09-03,36,plant-A,line-A1,machine-A9,lot-1,UP,aPZT,category-2,sub-a3,35,0,35
2026-09-03,36,plant-B,line-B1,machine-B6,lot-8,UP,bPZT,category-2,sub-b1,2,0,2
2026-09-03,36,plant-A,line-A8,machine-A9,lot-3,UP,bPZT,category-3,sub-b1,25,0,25
2026-09-04,36,plant-B,line-B5,machine-B7,lot-6,DN,aPZT,pass,,0,2027,2105
2026-09-04,36,plant-B,line-B5,machine-B7,lot-6,DN,bPZT,category-5,sub-b9,35,0,35
2026-09-04,36,plant-A,line-A8,machine-A7,lot-10,UP,aPZT,category-2,sub-a6,25,0,25
2026-09-04,36,plant-A,line-A8,machine-A7,lot-10,DN,aPZT,pass,pass,0,2312,2374
2026-09-04,36,plant-A,line-A8,machine-A7,lot-10,DN,bPZT,pass,pass,0,2312,2401
2026-09-04,36,plant-B,line-B3,machine-B9,lot-5,UP,bPZT,pass,pass,0,2159,2190
2026-09-04,36,plant-B,line-B5,machine-B7,lot-6,UP,aPZT,category-1,sub-a5,26,0,26
2026-09-04,36,plant-A,line-A8,machine-A7,lot-10,DN,bPZT,category-1,sub-b8,33,0,33
2026-09-04,36,plant-A,line-A5,machine-A8,lot-8,DN,bPZT,category-3,sub-b7,13,0,13
2026-09-04,36,plant-B,line-B3,machine-B9,lot-5,DN,bPZT,category-2,sub-b1,21,0,21
2026-09-04,36,plant-A,line-A5,machine-A8,lot-8,UP,aPZT,pass,pass,0,2194,2227
2026-09-04,36,plant-B,line-B5,machine-B7,lot-6,UP,aPZT,category-5,sub-a1,3,0,3
2026-09-04,36,plant-B,line-B5,machine-B7,lot-6,DN,aPZT,category-1,,33,0,33
2026-09-04,36,plant-A,line-A5,machine-A8,lot-8,up,bPZT,pass,,0,2194,2252
2026-09-04,36,plant-A,line-A5,machine-A8,lot-8,DN,aPZT,category-4,sub-a9,20,0,20
2026-09-04,36,plant-A,line-A8,machine-A7,lot-10,UP,bPZT,category-1,,29,0,29
2026-09-04,36,plant-A,line-A5,machine-A8,lot-8,DN,bPZT,category-4,sub-b1,20,0,20
2026-09-04,36,plant-B,line-B3,machine-B9,lot-5,DN,aPZT,category-5,sub-a5,13,0,13
2026-09-04,36,plant-B,line-B3,machine-B9,lot-5,UP,aPZT,pass,pass,0,2159,2222
2026-09-04,36,plant-B,line-B3,machine-B9,lot-5,DN,aPZT,category-1,sub-a2,8,0,8
2026-09-04,36,plant-A,line-A5,machine-A8,lot-8,UP,aPZT,category-3,sub-a2,4,0,4
2026-09-04,36,plant-B,line-B5,machine-B7,lot-6,DN,bPZT,category-1,,8,0,8
2026-09-04,36,plant-A,line-A8,machine-A7,lot-10,DN,aPZT,category-2,sub-a10,35,0,35
2026-09-04,36,plant-B,line-B3,machine-B9,lot-5,UP,bPZT,category-2,sub-b8,11,0,11
2026-09-04,36,plant-B,line-B5,machine-B7,lot-6,up,bPZT,pass,pass,0,2027,2089
2026-09-04,36,plant-B,line-B3,machine-B9,lot-5,DN,aPZT,category-4,,10,0,10
2026-09-04,36,plant-B,line-B5,machine-B7,lot-6,DN,bPZT,category-4,sub-b2,35,0,35
2026-09-04,36,plant-A,line-A5,machine-A8,lot-8,UP,aPZT,category-2,sub-a4,34,0,34
2026-09-04,36,plant-B,line-B3,machine-B9,lot-5,DN,bPZT,category-4,sub-b9,31,0,31
2026-09-04,36,plant-A,line-A8,machine-A7,lot-10,DN,aPZT,category-2,sub-a10,29,0,29
2026-09-05,36,plant-B,line-B2,machine-B8,lot-8,UP,bPZT,category-4,sub-b1,20,0,20
2026-09-05,36,plant-A,line-A7,machine-A4,lot-1,UP,aPZT,pass,pass,0,2018,2057
2026-09-05,36,plant-A,line-A4,machine-A7,lot-5,DN,bPZT,category-1,sub-b7,39,0,39
2026-09-05,36,plant-A,line-A10,machine-A10,lot-4,DN,bPZT,pass,pass,0,2740,2750
2026-09-05,36,plant-A,line-A10,machine-A10,lot-4,DN,bPZT,category-1,sub-b3,25,0,25
2026-09-05,36,plant-A,line-A4,machine-A7,lot-5,DN,bPZT,category-3,sub-b9,33,0,33
2026-09-05,36,plant-A,line-A7,machine-A4,lot-1,UP,aPZT,category-5,sub-a6,17,0,17
2026-09-05,36,plant-A,line-A10,machine-A10,lot-4,DN,aPZT,category-1,sub-a9,10,0,10
2026-09-05,36,plant-A,line-A4,machine-A7,lot-5,DN,bPZT,pass,pass,0,2815,2833
2026-09-05,36,plant-A,line-A10,machine-A10,lot-4,UP,bPZT,category-3,sub-b2,36,0,36
2026-09-05,36,plant-A,line-A4,machine-A7,lot-5,UP,bPZT,category-2,sub-b6,38,0,38
2026-09-05,36,plant-B,line-B2,machine-B8,lot-8,DN,bPZT,pass,pass,0,2230,2263
2026-09-05,36,plant-B,line-B2,machine-B8,lot-8,dN,aPZT,pass,pass,0,2230,2261
2026-09-05,36,plant-B,line-B2,machine-B8,lot-8,DN,bPZT,category-5,sub-b4,5,0,5
2026-09-05,36,plant-A,line-A7,machine-A4,lot-1,dn,aPZT,category-4,sub-a9,17,0,17
2026-09-05,36,plant-A,line-A7,machine-A4,lot-1,DN,aPZT,category-4,sub-a8,33,0,33
2026-09-05,36,plant-A,line-A10,machine-A10,lot-4,UP,bPZT,category-1,sub-b1,1,0,1
2026-09-05,36,plant-A,line-A4,machine-A7,lot-5,DN,bPZT,category-4,sub-b9,17,0,17
2026-09-05,36,plant-A,line-A7,machine-A4,lot-1,UP,bPZT,category-4,sub-b5,39,0,39
2026-09-05,36,plant-A,line-A7,machine-A4,lot-1,DN,bPZT,pass,pass,0,2018,2108
2026-09-05,36,plant-B,line-B2,machine-B8,lot-8,DN,bPZT,category-2,sub-b5,6,0,6
2026-09-05,36,plant-A,line-A10,machine-A10,lot-4,UP,aPZT,pass,pass,0,2740,2863
2026-09-05,36,plant-A,line-A4,machine-A7,lot-5,DN,aPZT,pass,pass,0,2815,2955
2026-09-05,36,plant-A,line-A4,machine-A7,lot-5,UP,bPZT,category-2,sub-b1,13,0,13
2026-09-05,36,plant-B,line-B2,machine-B8,lot-8,DN,aPZT,category-5,sub-a6,12,0,12
2026-09-05,36,plant-A,line-A10,machine-A10,lot-4,UP,bPZT,category-5,sub-b1,39,0,39
2026-09-05,36,plant-A,line-A10,machine-A10,lot-4,DN,bPZT,category-5,sub-b10,22,0,22
2026-09-05,36,plant-A,line-A7,machine-A4,lot-1,UP,aPZT,category-4,sub-a8,23,0,23
2026-09-05,36,plant-A,line-A4,machine-A7,lot-5,DN,aPZT,category-2,sub-a6,18,0,18
2026-09-05,36,plant-B,line-B2,machine-B8,lot-8,Up,aPZT,category-2,sub-a7,21,0,21
2026-09-06,36,plant-A,line-A5,machine-A5,lot-8,DN,aPZT,pass,pass,0,2413,2508
2026-09-06,36,plant-A,line-A5,machine-A5,lot-8,UP,bPZT,pass,,0,2413,2452
2026-09-06,36,plant-A,line-A9,machine-A1,lot-7,DN,aPZT,pass,pass,0,2982,3064
2026-09-06,36,plant-A,line-A4,machine-A7,lot-6,UP,bPZT,category-4,sub-b9,25,0,25
2026-09-06,36,plant-A,line-A5,machine-A5,lot-8,DN,bPZT,category-1,sub-b8,3,0,3
2026-09-06,36,plant-A,line-A9,machine-A1,lot-7,DN,bPZT,category-5,sub-b3,21,0,21
2026-09-06,36,plant-A,line-A5,machine-A5,lot-8,Up,bPZT,category-2,sub-b9,33,0,33
2026-09-06,36,plant-A,line-A8,machine-A10,lot-4,DN,bPZT,category-1,sub-b8,31,0,31
2026-09-06,36,plant-A,line-A8,machine-A10,lot-4,DN,bPZT,pass,pass,0,2091,2119
2026-09-06,36,plant-A,line-A9,machine-A1,lot-7,UP,aPZT,category-3,,23,0,23
2026-09-06,36,plant-A,line-A5,machine-A5,lot-8,uP,bPZT,category-3,sub-b4,5,0,5
2026-09-06,36,plant-A,line-A8,machine-A10,lot-4,DN,aPZT,category-5,sub-a3,28,0,28
2026-09-06,36,plant-A,line-A9,machine-A1,lot-7,UP,bPZT,category-2,sub-b2,16,0,16
2026-09-06,36,plant-A,line-A9,machine-A1,lot-7,UP,bPZT,category-1,sub-b8,2,0,2
2026-09-06,36,plant-A,line-A8,machine-A10,lot-4,DN,bPZT,category-1,sub-b1,23,0,23
2026-09-06,36,plant-A,line-A8,machine-A10,lot-4,UP,bPZT,category-5,sub-b6,15,0,15
2026-09-06,36,plant-A,line-A5,machine-A5,lot-8,UP,aPZT,category-5,sub-a2,39,0,39
2026-09-06,36,plant-A,line-A4,machine-A7,lot-6,DN,aPZT,category-5,sub-a3,9,0,9
2026-09-06,36,plant-A,line-A4,machine-A7,lot-6,DN,bPZT,pass,pass,0,2465,2532
2026-09-06,36,plant-A,line-A5,machine-A5,lot-8,UP,bPZT,category-2,sub-b7,35,0,35
2026-09-06,36,plant-A,line-A4,machine-A7,lot-6,UP,aPZT,pass,pass,0,2465,2504
2026-09-06,36,plant-A,line-A9,machine-A1,lot-7,DN,bPZT,category-4,sub-b1,8,0,8
2026-09-06,36,plant-A,line-A4,machine-A7,lot-6,DN,aPZT,category-2,sub-a7,38,0,38
2026-09-06,36,plant-A,line-A4,machine-A7,lot-6,Up,aPZT,category-3,sub-a1,20,0,20
2026-09-06,36,plant-A,line-A9,machine-A1,lot-7,UP,bPZT,pass,pass,0,2982,3005
2026-09-06,36,plant-A,line-A9,machine-A1,lot-7,UP,bPZT,category-3,sub-b3,35,0,35
2026-09-06,36,plant-A,line-A5,machine-A5,lot-8,DN,bPZT,category-4,sub-b5,19,0,19
2026-09-06,36,plant-A,line-A8,machine-A10,lot-4,DN,bPZT,category-4,sub-b6,37,0,37
2026-09-06,36,plant-A,line-A4,machine-A7,lot-6,DN,bPZT,category-1,sub-b2,14,0,14
2026-09-06,36,plant-A,line-A8,machine-A10,lot-4,UP,aPZT,pass,pass,0,2091,2197
2026-09-07,37,plant-B,line-B2,machine-B5,lot-2,DN,bPZT,category-5,sub-b8,7,0,7
2026-09-07,37,plant-A,line-A2,machine-A2,lot-10,DN,aPZT,category-2,sub-a6,24,0,24
2026-09-07,37,plant-A,line-A2,machine-A2,lot-10,DN,aPZT,category-1,sub-a6,20,0,20
2026-09-07,37,plant-A,line-A2,machine-A2,lot-10,DN,bPZT,category-1,sub-b1,28,0,28
2026-09-07,37,plant-B,line-B2,machine-B5,lot-2,DN,aPZT,category-5,sub-a1,37,0,37
2026-09-07,37,plant-A,line-A2,machine-A2,lot-10,UP,bPZT,pass,pass,0,2247,2314
2026-09-07,37,plant-B,line-B6,machine-B9,lot-3,uP,aPZT,pass,,0,2659,2692
2026-09-07,37,plant-B,line-B6,machine-B9,lot-3,DN,aPZT,category-5,sub-a8,22,0,22
2026-09-07,37,plant-A,line-A10,machine-A10,lot-9,DN,bPZT,pass,pass,0,2058,2132
2026-09-07,37,plant-B,line-B6,machine-B9,lot-3,DN,bPZT,category-3,sub-b8,22,0,22
2026-09-07,37,plant-A,line-A2,machine-A2,lot-10,UP,aPZT,pass,pass,0,2247,2288
2026-09-07,37,plant-B,line-B2,machine-B5,lot-2,UP,aPZT,category-4,sub-a2,1,0,1
2026-09-07,37,plant-A,line-A10,machine-A10,lot-9,DN,bPZT,category-2,sub-b8,22,0,22
2026-09-07,37,plant-A,line-A10,machine-A10,lot-9,dN,aPZT,category-3,sub-a4,34,0,34
2026-09-07,37,plant-A,line-A10,machine-A10,lot-9,dn,bPZT,category-4,sub-b2,25,0,25
2026-09-07,37,plant-B,line-B6,machine-B9,lot-3,DN,bPZT,category-5,sub-b1,11,0,11
2026-09-07,37,plant-A,line-A2,machine-A2,lot-10,DN,bPZT,category-3,sub-b6,13,0,13
2026-09-07,37,plant-B,line-B6,machine-B9,lot-3,uP,bPZT,pass,,0,2659,2728
2026-09-07,37,plant-B,line-B2,machine-B5,lot-2,UP,aPZT,category-3,sub-a10,18,0,18
2026-09-07,37,plant-B,line-B2,machine-B5,lot-2,UP,bPZT,pass,pass,0,2695,2779
2026-09-07,37,plant-A,line-A2,machine-A2,lot-10,DN,aPZT,category-4,,23,0,23
2026-09-07,37,plant-B,line-B2,machine-B5,lot-2,DN,aPZT,pass,pass,0,2695,2702
2026-09-07,37,plant-A,line-A10,machine-A10,lot-9,UP,aPZT,category-5,sub-a3,16,0,16
2026-09-07,37,plant-B,line-B2,machine-B5,lot-2,DN,aPZT,category-2,sub-a4,21,0,21
2026-09-07,37,plant-B,line-B6,machine-B9,lot-3,UP,aPZT,category-3,sub-a9,10,0,10
2026-09-07,37,plant-A,line-A10,machine-A10,lot-9,DN,aPZT,category-1,sub-a3,8,0,8
2026-09-07,37,plant-B,line-B2,machine-B5,lot-2,DN,aPZT,category-5,sub-a6,7,0,7
2026-09-07,37,plant-B,line-B6,machine-B9,lot-3,UP,aPZT,category-2,sub-a6,37,0,37
2026-09-07,37,plant-A,line-A10,machine-A10,lot-9,DN,aPZT,pass,pass,0,2058,2105
2026-09-07,37,plant-A,line-A10,machine-A10,lot-9,DN,aPZT,category-3,sub-a5,16,0,16
2026-09-08,37,plant-B,line-B5,machine-B8,lot-5,UP,aPZT,category-5,,11,0,11
2026-09-08,37,plant-A,line-A9,machine-A2,lot-8,DN,aPZT,category-1,sub-a6,30,0,30
2026-09-08,37,plant-A,line-A9,machine-A2,lot-8,DN,aPZT,pass,pass,0,2626,2731
2026-09-08,37,plant-A,line-A9,machine-A2,lot-8,UP,bPZT,category-4,sub-b2,39,0,39
2026-09-08,37,plant-A,line-A7,machine-A6,lot-4,DN,aPZT,pass,pass,0,2849,2939
2026-09-08,37,plant-A,line-A7,machine-A6,lot-4,UP,bPZT,category-5,,9,0,9
2026-09-08,37,plant-B,line-B7,machine-B5,lot-9,DN,aPZT,category-5,,32,0,32
2026-09-08,37,plant-A,line-A7,machine-A6,lot-4,DN,aPZT,category-4,sub-a3,23,0,23
2026-09-08,37,plant-A,line-A9,machine-A2,lot-8,DN,bPZT,pass,pass,0,2626,2697
2026-09-08,37,plant-B,line-B7,machine-B5,lot-9,UP,aPZT,category-3,sub-a9,32,0,32
2026-09-08,37,plant-A,line-A9,machine-A2,lot-8,UP,aPZT,category-1,sub-a10,1,0,1
2026-09-08,37,plant-B,line-B7,machine-B5,lot-9,UP,aPZT,pass,pass,0,2014,2055
2026-09-08,37,plant-A,line-A7,machine-A6,lot-4,DN,bPZT,category-1,sub-b6,19,0,19
2026-09-08,37,plant-B,line-B5,machine-B8,lot-5,UP,bPZT,category-5,sub-b2,4,0,4
2026-09-08,37,plant-A,line-A7,machine-A6,lot-4,DN,bPZT,pass,pass,0,2849,2872
2026-09-08,37,plant-A,line-A9,machine-A2,lot-8,UP,aPZT,category-1,sub-a5,40,0,40
2026-09-08,37,plant-B,line-B7,machine-B5,lot-9,DN,bPZT,category-3,sub-b2,4,0,4
2026-09-08,37,plant-A,line-A9,machine-A2,lot-8,DN,bPZT,category-2,sub-b4,31,0,31
2026-09-08,37,plant-B,line-B5,machine-B8,lot-5,UP,aPZT,category-2,sub-a5,33,0,33
2026-09-08,37,plant-B,line-B7,machine-B5,lot-9,dn,bPZT,pass,pass,0,2014,2102
2026-09-08,37,plant-B,line-B5,machine-B8,lot-5,DN,aPZT,pass,pass,0,2120,2124
2026-09-08,37,plant-B,line-B7,machine-B5,lot-9,UP,aPZT,category-2,sub-a2,24,0,24
2026-09-08,37,plant-A,line-A7,machine-A6,lot-4,UP,bPZT,category-2,,7,0,7
2026-09-08,37,plant-A,line-A7,machine-A6,lot-4,DN,bPZT,category-5,sub-b8,35,0,35
2026-09-08,37,plant-A,line-A9,machine-A2,lot-8,UP,bPZT,category-2,sub-b10,35,0,35
2026-09-08,37,plant-B,line-B7,machine-B5,lot-9,UP,bPZT,category-2,sub-b5,37,0,37
2026-09-08,37,plant-B,line-B5,machine-B8,lot-5,DN,bPZT,pass,pass,0,2120,2171
2026-09-08,37,plant-B,line-B5,machine-B8,lot-5,UP,aPZT,category-4,sub-a6,1,0,1
2026-09-08,37,plant-A,line-A7,machine-A6,lot-4,up,bPZT,category-5,sub-b10,20,0,20
2026-09-08,37,plant-B,line-B5,machine-B8,lot-5,UP,aPZT,category-1,sub-a9,6,0,6
2026-09-09,37,plant-B,line-B7,machine-B10,lot-9,UP,aPZT,category-1,,7,0,7
2026-09-09,37,plant-B,line-B1,machine-B8,lot-6,DN,bPZT,category-4,sub-b7,30,0,30
2026-09-09,37,plant-B,line-B7,machine-B10,lot-9,UP,bPZT,category-5,sub-b5,25,0,25
2026-09-09,37,plant-B,line-B4,machine-B6,lot-5,DN,aPZT,category-3,sub-a5,3,0,3
2026-09-09,37,plant-B,line-B1,machine-B8,lot-6,UP,aPZT,category-4,,15,0,15
2026-09-09,37,plant-B,line-B1,machine-B8,lot-6,DN,aPZT,category-2,sub-a6,23,0,23
2026-09-09,37,plant-B,line-B4,machine-B6,lot-5,UP,aPZT,category-2,sub-a1,33,0,33
2026-09-09,37,plant-B,line-B7,machine-B10,lot-9,UP,bPZT,category-5,sub-b10,36,0,36
2026-09-09,37,plant-B,line-B7,machine-B10,lot-9,UP,aPZT,category-5,sub-a10,31,0,31
2026-09-09,37,plant-B,line-B7,machine-B10,lot-9,UP,bPZT,pass,,0,2556,2602
2026-09-09,37,plant-B,line-B3,machine-B4,lot-8,UP,aPZT,category-2,sub-a1,2,0,2
2026-09-09,37,plant-B,line-B7,machine-B10,lot-9,DN,aPZT,pass,pass,0,2556,2617
2026-09-09,37,plant-B,line-B3,machine-B4,lot-8,dn,aPZT,category-2,,7,0,7
2026-09-09,37,plant-B,line-B4,machine-B6,lot-5,UP,bPZT,category-4,sub-b10,39,0,39
2026-09-09,37,plant-B,line-B4,machine-B6,lot-5,UP,aPZT,pass,pass,0,2658,2725
2026-09-09,37,plant-B,line-B3,machine-B4,lot-8,UP,bPZT,pass,pass,0,2815,2881
2026-09-09,37,plant-B,line-B7,machine-B10,lot-9,UP,aPZT,category-3,sub-a2,8,0,8
2026-09-09,37,plant-B,line-B3,machine-B4,lot-8,UP,aPZT,category-2,sub-a7,28,0,28
2026-09-09,37,plant-B,line-B3,machine-B4,lot-8,DN,aPZT,category-1,sub-a10,15,0,15
2026-09-09,37,plant-B,line-B3,machine-B4,lot-8,UP,aPZT,category-3,sub-a10,14,0,14
2026-09-09,37,plant-B,line-B4,machine-B6,lot-5,UP,bPZT,pass,pass,0,2658,2701
2026-09-09,37,plant-B,line-B4,machine-B6,lot-5,DN,bPZT,category-4,sub-b5,28,0,28
2026-09-09,37,plant-B,line-B1,machine-B8,lot-6,UP,bPZT,pass,pass,0,2132,2242
2026-09-09,37,plant-B,line-B1,machine-B8,lot-6,UP,aPZT,category-4,sub-a1,15,0,15
2026-09-09,37,plant-B,line-B1,machine-B8,lot-6,UP,aPZT,category-3,sub-a9,33,0,33
2026-09-09,37,plant-B,line-B4,machine-B6,lot-5,DN,aPZT,category-5,sub-a10,7,0,7
2026-09-09,37,plant-B,line-B3,machine-B4,lot-8,DN,bPZT,category-4,sub-b3,14,0,14
2026-09-09,37,plant-B,line-B3,machine-B4,lot-8,DN,aPZT,pass,pass,0,2815,2829
2026-09-09,37,plant-B,line-B1,machine-B8,lot-6,DN,aPZT,pass,pass,0,2132,2162
2026-09-09,37,plant-B,line-B1,machine-B8,lot-6,DN,aPZT,category-5,sub-a10,24,0,24
2026-09-10,37,plant-B,line-B7,machine-B1,lot-7,DN,bPZT,category-2,,10,0,10
2026-09-10,37,plant-B,line-B7,machine-B1,lot-7,UP,aPZT,category-2,sub-a4,32,0,32
2026-09-10,37,plant-B,line-B2,machine-B10,lot-10,UP,bPZT,category-2,sub-b2,5,0,5
2026-09-10,37,plant-A,line-A1,machine-A5,lot-3,DN,bPZT,pass,pass,0,2063,2121
2026-09-10,37,plant-B,line-B7,machine-B1,lot-7,UP,aPZT,pass,pass,0,2284,2328
2026-09-10,37,plant-B,line-B7,machine-B1,lot-7,UP,bPZT,category-1,sub-b6,8,0,8
2026-09-10,37,plant-B,line-B2,machine-B10,lot-10,UP,aPZT,category-5,sub-a8,34,0,34
2026-09-10,37,plant-B,line-B2,machine-B10,lot-10,UP,bPZT,category-3,sub-b8,6,0,6
2026-09-10,37,plant-B,line-B1,machine-B8,lot-8,DN,bPZT,category-3,sub-b4,8,0,8
2026-09-10,37,plant-A,line-A1,machine-A5,lot-3,UP,aPZT,category-2,sub-a4,26,0,26
2026-09-10,37,plant-B,line-B7,machine-B1,lot-7,DN,bPZT,pass,pass,0,2284,2336
2026-09-10,37,plant-A,line-A1,machine-A5,lot-3,DN,aPZT,pass,pass,0,2063,2089
2026-09-10,37,plant-B,line-B1,machine-B8,lot-8,UP,bPZT,category-2,sub-b1,2,0,2
2026-09-10,37,plant-A,line-A1,machine-A5,lot-3,DN,bPZT,category-2,sub-b1,7,0,7
2026-09-10,37,plant-A,line-A1,machine-A5,lot-3,DN,bPZT,category-4,sub-b2,16,0,16
2026-09-10,37,plant-A,line-A1,machine-A5,lot-3,UP,bPZT,category-5,sub-b10,3,0,3
2026-09-10,37,plant-B,line-B1,machine-B8,lot-8,DN,bPZT,category-4,sub-b2,8,0,8
2026-09-10,37,plant-B,line-B1,machine-B8,lot-8,dN,bPZT,pass,,0,2514,2538
2026-09-10,37,plant-B,line-B2,machine-B10,lot-10,DN,bPZT,category-4,,29,0,29
2026-09-10,37,plant-B,line-B1,machine-B8,lot-8,DN,aPZT,pass,pass,0,2514,2565
2026-09-10,37,plant-B,line-B1,machine-B8,lot-8,DN,aPZT,category-3,,24,0,24
2026-09-10,37,plant-B,line-B1,machine-B8,lot-8,UP,bPZT,category-5,,14,0,14
2026-09-10,37,plant-B,line-B2,machine-B10,lot-10,UP,aPZT,pass,pass,0,2373,2425
2026-09-10,37,plant-B,line-B2,machine-B10,lot-10,DN,aPZT,category-1,sub-a6,13,0,13
2026-09-10,37,plant-B,line-B7,machine-B1,lot-7,UP,aPZT,category-2,sub-a10,20,0,20
2026-09-10,37,plant-B,line-B7,machine-B1,lot-7,DN,bPZT,category-3,sub-b4,26,0,26
2026-09-10,37,plant-B,line-B2,machine-B10,lot-10,dn,bPZT,category-4,,12,0,12
2026-09-10,37,plant-A,line-A1,machine-A5,lot-3,UP,aPZT,category-2,sub-a4,32,0,32
2026-09-10,37,plant-B,line-B2,machine-B10,lot-10,dn,bPZT,pass,pass,0,2373,2420
2026-09-10,37,plant-B,line-B1,machine-B8,lot-8,DN,bPZT,category-4,sub-b2,19,0,19
2026-09-11,37,plant-A,line-A1,machine-A1,lot-2,UP,aPZT,pass,,0,2945,3024
2026-09-11,37,plant-B,line-B10,machine-B10,lot-1,UP,bPZT,category-2,sub-b1,7,0,7
2026-09-11,37,plant-B,line-B10,machine-B10,lot-1,UP,bPZT,category-1,sub-b3,19,0,19
2026-09-11,37,plant-A,line-A1,machine-A1,lot-9,DN,bPZT,category-3,sub-b9,19,0,19
2026-09-11,37,plant-A,line-A1,machine-A1,lot-2,UP,bPZT,category-1,sub-b6,35,0,35
2026-09-11,37,plant-B,line-B10,machine-B10,lot-1,UP,aPZT,category-2,sub-a2,15,0,15
2026-09-11,37,plant-B,line-B4,machine-B7,lot-8,DN,aPZT,category-1,sub-a4,15,0,15
2026-09-11,37,plant-A,line-A1,machine-A1,lot-9,dn,bPZT,pass,pass,0,2636,2706
2026-09-11,37,plant-B,line-B4,machine-B7,lot-8,UP,bPZT,category-4,sub-b2,32,0,32
2026-09-11,37,plant-B,line-B4,machine-B7,lot-8,UP,bPZT,category-4,,27,0,27
2026-09-11,37,plant-A,line-A1,machine-A1,lot-2,DN,bPZT,category-5,sub-b7,30,0,30
2026-09-11,37,plant-B,line-B4,machine-B7,lot-8,UP,bPZT,pass,pass,0,2120,2165
2026-09-11,37,plant-B,line-B10,machine-B10,lot-1,DN,aPZT,pass,pass,0,2025,2051
2026-09-11,37,plant-A,line-A1,machine-A1,lot-2,UP,aPZT,category-2,sub-a9,6,0,6
2026-09-11,37,plant-A,line-A1,machine-A1,lot-9,UP,bPZT,category-4,sub-b10,9,0,9
2026-09-11,37,plant-A,line-A1,machine-A1,lot-9,DN,aPZT,category-2,sub-a10,37,0,37
2026-09-11,37,plant-A,line-A1,machine-A1,lot-2,DN,bPZT,category-3,sub-b3,14,0,14
2026-09-11,37,plant-B,line-B4,machine-B7,lot-8,UP,bPZT,category-4,sub-b1,3,0,3
2026-09-11,37,plant-A,line-A1,machine-A1,lot-9,UP,aPZT,category-4,sub-a10,33,0,33
2026-09-11,37,plant-B,line-B10,machine-B10,lot-1,UP,aPZT,category-3,sub-a4,22,0,22
2026-09-11,37,plant-A,line-A1,machine-A1,lot-9,UP,aPZT,pass,pass,0,2636,2689
2026-09-11,37,plant-A,line-A1,machine-A1,lot-9,Up,bPZT,category-5,,25,0,25
2026-09-11,37,plant-B,line-B10,machine-B10,lot-1,DN,bPZT,pass,pass,0,2025,2089
2026-09-11,37,plant-B,line-B4,machine-B7,lot-8,UP,aPZT,category-1,sub-a10,30,0,30
2026-09-11,37,plant-A,line-A1,machine-A1,lot-2,UP,bPZT,pass,pass,0,2945,2987
2026-09-11,37,plant-B,line-B10,machine-B10,lot-1,DN,aPZT,category-1,,10,0,10
2026-09-11,37,plant-B,line-B10,machine-B10,lot-1,DN,aPZT,category-1,sub-a8,17,0,17
2026-09-11,37,plant-B,line-B4,machine-B7,lot-8,UP,aPZT,pass,pass,0,2120,2193
2026-09-11,37,plant-B,line-B4,machine-B7,lot-8,UP,bPZT,category-3,sub-b4,11,0,11
2026-09-11,37,plant-A,line-A1,machine-A1,lot-2,DN,aPZT,category-3,,36,0,36
2026-09-12,37,plant-A,line-A4,machine-A9,lot-6,DN,bPZT,pass,pass,0,2408,2432
2026-09-12,37,plant-A,line-A4,machine-A1,lot-2,UP,bPZT,pass,pass,0,2453,2510
2026-09-12,37,plant-B,line-B3,machine-B3,lot-3,DN,aPZT,category-4,sub-a1,4,0,4
2026-09-12,37,plant-A,line-A4,machine-A1,lot-2,Up,bPZT,category-3,sub-b1,6,0,6
2026-09-12,37,plant-B,line-B3,machine-B3,lot-3,UP,aPZT,category-1,sub-a8,11,0,11
2026-09-12,37,plant-B,line-B6,machine-B2,lot-10,DN,aPZT,category-4,sub-a10,31,0,31
2026-09-12,37,plant-A,line-A4,machine-A1,lot-2,UP,aPZT,pass,pass,0,2453,2480
2026-09-12,37,plant-A,line-A4,machine-A9,lot-6,UP,aPZT,category-3,sub-a2,4,0,4
2026-09-12,37,plant-B,line-B6,machine-B2,lot-10,UP,bPZT,pass,pass,0,2422,2526
2026-09-12,37,plant-A,line-A4,machine-A9,lot-6,UP,aPZT,category-3,sub-a9,10,0,10
2026-09-12,37,plant-A,line-A4,machine-A9,lot-6,DN,aPZT,category-2,sub-a6,2,0,2
2026-09-12,37,plant-A,line-A4,machine-A9,lot-6,UP,aPZT,category-2,sub-a5,8,0,8
2026-09-12,37,plant-B,line-B6,machine-B2,lot-10,DN,aPZT,pass,pass,0,2422,2443
2026-09-12,37,plant-A,line-A4,machine-A1,lot-2,UP,bPZT,category-1,sub-b7,9,0,9
2026-09-12,37,plant-A,line-A4,machine-A9,lot-6,DN,aPZT,pass,,0,2408,2409
2026-09-12,37,plant-A,line-A4,machine-A1,lot-2,DN,aPZT,category-1,sub-a4,38,0,38
2026-09-12,37,plant-B,line-B3,machine-B3,lot-3,DN,aPZT,category-2,sub-a4,36,0,36
2026-09-12,37,plant-B,line-B6,machine-B2,lot-10,UP,bPZT,category-2,sub-b7,21,0,21
2026-09-12,37,plant-B,line-B3,machine-B3,lot-3,UP,bPZT,pass,pass,0,2766,2842
2026-09-12,37,plant-B,line-B6,machine-B2,lot-10,UP,aPZT,category-3,sub-a4,40,0,40
2026-09-12,37,plant-A,line-A4,machine-A9,lot-6,UP,bPZT,category-1,,1,0,1
2026-09-12,37,plant-A,line-A4,machine-A1,lot-2,UP,aPZT,category-5,sub-a3,2,0,2
2026-09-12,37,plant-A,line-A4,machine-A1,lot-2,DN,aPZT,category-5,sub-a2,17,0,17
2026-09-12,37,plant-B,line-B3,machine-B3,lot-3,UP,aPZT,category-3,sub-a9,17,0,17
2026-09-12,37,plant-B,line-B3,machine-B3,lot-3,DN,bPZT,category-1,sub-b5,36,0,36
2026-09-12,37,plant-B,line-B3,machine-B3,lot-3,UP,aPZT,pass,pass,0,2766,2802
2026-09-12,37,plant-A,line-A4,machine-A1,lot-2,DN,bPZT,category-1,sub-b9,12,0,12
2026-09-12,37,plant-B,line-B6,machine-B2,lot-10,UP,aPZT,category-4,sub-a9,24,0,24
2026-09-12,37,plant-B,line-B3,machine-B3,lot-3,UP,aPZT,category-3,sub-a2,8,0,8
2026-09-12,37,plant-B,line-B6,machine-B2,lot-10,UP,aPZT,category-3,sub-a4,9,0,9
2026-09-13,37,plant-B,line-B4,machine-B4,lot-9,UP,bPZT,pass,,0,2749,2775
2026-09-13,37,plant-B,line-B10,machine-B7,lot-8,DN,aPZT,category-5,sub-a6,31,0,31
2026-09-13,37,plant-A,line-A3,machine-A9,lot-5,DN,aPZT,pass,pass,0,2423,2483
2026-09-13,37,plant-A,line-A3,machine-A9,lot-5,DN,bPZT,category-3,sub-b2,33,0,33
2026-09-13,37,plant-B,line-B4,machine-B4,lot-9,DN,aPZT,pass,,0,2749,2802
2026-09-13,37,plant-B,line-B10,machine-B7,lot-8,DN,aPZT,category-1,sub-a5,24,0,24
2026-09-13,37,plant-A,line-A3,machine-A9,lot-5,up,aPZT,category-3,sub-a8,39,0,39
2026-09-13,37,plant-B,line-B10,machine-B7,lot-8,UP,aPZT,category-5,sub-a6,3,0,3
2026-09-13,37,plant-A,line-A3,machine-A9,lot-5,Dn,bPZT,pass,,0,2423,2512
2026-09-13,37,plant-B,line-B4,machine-B1,lot-7,UP,bPZT,category-4,sub-b5,28,0,28
2026-09-13,37,plant-B,line-B10,machine-B7,lot-8,DN,bPZT,category-4,sub-b7,1,0,1
2026-09-13,37,plant-B,line-B10,machine-B7,lot-8,dN,bPZT,pass,pass,0,2517,2623
2026-09-13,37,plant-B,line-B10,machine-B7,lot-8,DN,aPZT,pass,pass,0,2517,2518
2026-09-13,37,plant-B,line-B4,machine-B4,lot-9,UP,bPZT,category-4,sub-b5,1,0,1
2026-09-13,37,plant-B,line-B10,machine-B7,lot-8,DN,aPZT,category-2,sub-a9,12,0,12
2026-09-13,37,plant-B,line-B4,machine-B1,lot-7,DN,aPZT,category-5,sub-a2,33,0,33
2026-09-13,37,plant-B,line-B4,machine-B4,lot-9,dN,bPZT,category-1,,4,0,4
2026-09-13,37,plant-B,line-B4,machine-B1,lot-7,DN,aPZT,pass,pass,0,2491,2562
2026-09-13,37,plant-A,line-A3,machine-A9,lot-5,UP,aPZT,category-1,sub-a6,15,0,15
2026-09-13,37,plant-B,line-B4,machine-B4,lot-9,UP,bPZT,category-2,sub-b10,21,0,21
2026-09-13,37,plant-A,line-A3,machine-A9,lot-5,DN,bPZT,category-1,sub-b7,27,0,27
2026-09-13,37,plant-A,line-A3,machine-A9,lot-5,DN,aPZT,category-3,,35,0,35
2026-09-13,37,plant-B,line-B4,machine-B4,lot-9,UP,aPZT,category-2,sub-a10,26,0,26
2026-09-13,37,plant-B,line-B4,machine-B1,lot-7,DN,bPZT,pass,pass,0,2491,2526
2026-09-13,37,plant-B,line-B10,machine-B7,lot-8,DN,aPZT,category-1,sub-a10,36,0,36
2026-09-13,37,plant-B,line-B4,machine-B1,lot-7,DN,bPZT,category-5,sub-b10,2,0,2
2026-09-13,37,plant-B,line-B4,machine-B1,lot-7,DN,bPZT,category-3,sub-b3,37,0,37
2026-09-13,37,plant-B,line-B4,machine-B1,lot-7,DN,aPZT,category-3,sub-a8,2,0,2
2026-09-13,37,plant-B,line-B4,machine-B4,lot-9,DN,bPZT,category-4,sub-b1,27,0,27
2026-09-13,37,plant-B,line-B4,machine-B1,lot-7,UP,bPZT,category-3,sub-b9,4,0,4
2026-09-14,38,plant-B,line-B8,machine-B3,lot-6,DN,bPZT,pass,pass,0,2896,2986
2026-09-14,38,plant-B,line-B8,machine-B3,lot-6,UP,aPZT,category-1,sub-a3,13,0,13
2026-09-14,38,plant-A,line-A6,machine-A6,lot-9,UP,bPZT,category-3,sub-b6,4,0,4
2026-09-14,38,plant-B,line-B8,machine-B3,lot-6,DN,bPZT,category-3,sub-b7,14,0,14
2026-09-14,38,plant-A,line-A6,machine-A6,lot-9,DN,bPZT,category-5,sub-b1,24,0,24
2026-09-14,38,plant-A,line-A6,machine-A6,lot-9,DN,aPZT,category-5,sub-a10,5,0,5
2026-09-14,38,plant-A,line-A7,machine-A1,lot-4,uP,bPZT,category-4,sub-b3,37,0,37
2026-09-14,38,plant-A,line-A7,machine-A7,lot-10,DN,aPZT,category-1,sub-a9,18,0,18
2026-09-14,38,plant-A,line-A7,machine-A7,lot-10,DN,bPZT,category-2,sub-b5,8,0,8
2026-09-14,38,plant-A,line-A7,machine-A1,lot-4,UP,aPZT,pass,pass,0,2885,3022
2026-09-14,38,plant-B,line-B8,machine-B3,lot-6,UP,aPZT,category-4,sub-a1,31,0,31
2026-09-14,38,plant-A,line-A7,machine-A7,lot-10,UP,bPZT,pass,pass,0,2609,2656
2026-09-14,38,plant-A,line-A6,machine-A6,lot-9,Up,bPZT,category-3,sub-b2,32,0,32
2026-09-14,38,plant-A,line-A7,machine-A1,lot-4,UP,bPZT,pass,pass,0,2885,2886
2026-09-14,38,plant-B,line-B8,machine-B3,lot-6,up,aPZT,category-4,,13,0,13
2026-09-14,38,plant-A,line-A6,machine-A6,lot-9,DN,aPZT,category-1,sub-a10,17,0,17
2026-09-14,38,plant-B,line-B8,machine-B3,lot-6,UP,aPZT,pass,pass,0,2896,2910
2026-09-14,38,plant-A,line-A7,machine-A1,lot-4,DN,bPZT,category-5,sub-b8,24,0,24
2026-09-14,38,plant-A,line-A7,machine-A1,lot-4,Dn,aPZT,category-4,sub-a10,1,0,1
2026-09-14,38,plant-A,line-A7,machine-A7,lot-10,DN,aPZT,category-2,sub-a8,8,0,8
2026-09-14,38,plant-A,line-A7,machine-A1,lot-4,DN,bPZT,category-1,sub-b2,26,0,26
2026-09-14,38,plant-A,line-A6,machine-A6,lot-9,UP,bPZT,category-4,sub-b8,16,0,16
2026-09-14,38,plant-A,line-A6,machine-A6,lot-9,UP,aPZT,pass,pass,0,2022,2098
2026-09-14,38,plant-A,line-A7,machine-A7,lot-10,DN,aPZT,category-1,sub-a1,21,0,21
2026-09-14,38,plant-A,line-A6,machine-A6,lot-9,DN,bPZT,pass,pass,0,2022,2044
2026-09-14,38,plant-A,line-A7,machine-A1,lot-4,DN,bPZT,category-4,sub-b8,34,0,34
2026-09-14,38,plant-B,line-B8,machine-B3,lot-6,DN,aPZT,category-3,sub-a7,33,0,33
2026-09-14,38,plant-A,line-A7,machine-A1,lot-4,DN,bPZT,category-2,sub-b10,16,0,16
2026-09-14,38,plant-A,line-A7,machine-A7,lot-10,DN,bPZT,category-1,sub-b6,20,0,20
2026-09-14,38,plant-A,line-A7,machine-A7,lot-10,DN,aPZT,pass,pass,0,2609,2637
2026-09-15,38,plant-B,line-B7,machine-B4,lot-7,UP,aPZT,category-1,,25,0,25
2026-09-15,38,plant-A,line-A1,machine-A4,lot-4,DN,aPZT,category-3,sub-a1,28,0,28
2026-09-15,38,plant-A,line-A9,machine-A9,lot-2,UP,aPZT,pass,pass,0,2239,2242
2026-09-15,38,plant-B,line-B4,machine-B8,lot-9,DN,bPZT,category-5,sub-b3,8,0,8
2026-09-15,38,plant-B,line-B7,machine-B4,lot-7,up,bPZT,category-4,,5,0,5
2026-09-15,38,plant-B,line-B7,machine-B4,lot-7,DN,aPZT,pass,pass,0,2652,2657
2026-09-15,38,plant-B,line-B7,machine-B4,lot-7,DN,aPZT,category-3,sub-a1,26,0,26
2026-09-15,38,plant-A,line-A1,machine-A4,lot-4,UP,aPZT,category-1,sub-a4,23,0,23
2026-09-15,38,plant-B,line-B7,machine-B4,lot-7,UP,aPZT,category-4,sub-a1,6,0,6
2026-09-15,38,plant-A,line-A9,machine-A9,lot-2,DN,aPZT,category-3,sub-a4,6,0,6
2026-09-15,38,plant-A,line-A1,machine-A4,lot-4,DN,aPZT,category-2,sub-a1,8,0,8
2026-09-15,38,plant-A,line-A1,machine-A4,lot-4,DN,bPZT,category-3,sub-b8,22,0,22
2026-09-15,38,plant-B,line-B7,machine-B4,lot-7,UP,aPZT,category-5,sub-a7,5,0,5
2026-09-15,38,plant-A,line-A1,machine-A4,lot-4,DN,aPZT,category-4,sub-a1,8,0,8
2026-09-15,38,plant-A,line-A1,machine-A4,lot-4,UP,aPZT,pass,pass,0,2665,2687
2026-09-15,38,plant-B,line-B4,machine-B8,lot-9,UP,bPZT,pass,,0,2498,2526
2026-09-15,38,plant-B,line-B7,machine-B4,lot-7,Dn,aPZT,category-3,sub-a5,5,0,5
2026-09-15,38,plant-B,line-B4,machine-B8,lot-9,UP,aPZT,category-5,sub-a8,15,0,15
2026-09-15,38,plant-A,line-A1,machine-A4,lot-4,DN,bPZT,pass,pass,0,2665,2750
2026-09-15,38,plant-B,line-B4,machine-B8,lot-9,DN,bPZT,category-5,sub-b1,22,0,22
2026-09-15,38,plant-A,line-A9,machine-A9,lot-2,DN,bPZT,category-3,sub-b4,3,0,3
2026-09-15,38,plant-B,line-B4,machine-B8,lot-9,DN,bPZT,category-2,sub-b2,19,0,19
2026-09-15,38,plant-A,line-A9,machine-A9,lot-2,UP,aPZT,category-3,sub-a5,12,0,12
2026-09-15,38,plant-A,line-A9,machine-A9,lot-2,DN,aPZT,category-5,sub-a6,22,0,22
2026-09-15,38,plant-B,line-B7,machine-B4,lot-7,UP,bPZT,pass,pass,0,2652,2719
2026-09-15,38,plant-A,line-A9,machine-A9,lot-2,DN,aPZT,category-3,sub-a6,24,0,24
2026-09-15,38,plant-A,line-A9,machine-A9,lot-2,UP,bPZT,pass,pass,0,2239,2303
2026-09-15,38,plant-A,line-A1,machine-A4,lot-4,DN,aPZT,category-2,sub-a8,18,0,18
2026-09-15,38,plant-B,line-B4,machine-B8,lot-9,DN,aPZT,pass,,0,2498,2547
2026-09-15,38,plant-B,line-B4,machine-B8,lot-9,DN,aPZT,category-4,sub-a6,13,0,13
2026-09-16,38,plant-A,line-A9,machine-A9,lot-3,DN,aPZT,category-2,sub-a5,19,0,19
2026-09-16,38,plant-B,line-B6,machine-B1,lot-4,UP,bPZT,category-4,sub-b8,14,0,14
2026-09-16,38,plant-A,line-A9,machine-A9,lot-3,UP,bPZT,pass,pass,0,2869,2986
2026-09-16,38,plant-A,line-A10,machine-A1,lot-1,UP,aPZT,category-3,sub-a3,17,0,17
2026-09-16,38,plant-A,line-A10,machine-A1,lot-1,DN,aPZT,pass,pass,0,2540,2638
2026-09-16,38,plant-A,line-A10,machine-A1,lot-1,DN,bPZT,pass,pass,0,2540,2567
2026-09-16,38,plant-B,line-B6,machine-B1,lot-4,dn,aPZT,category-3,,30,0,30
2026-09-16,38,plant-A,line-A10,machine-A1,lot-1,DN,bPZT,category-1,sub-b1,34,0,34
2026-09-16,38,plant-A,line-A10,machine-A1,lot-1,DN,bPZT,category-2,sub-b5,28,0,28
2026-09-16,38,plant-B,line-B6,machine-B1,lot-4,UP,aPZT,pass,pass,0,2970,3019
2026-09-16,38,plant-B,line-B7,machine-B6,lot-8,UP,bPZT,pass,pass,0,2515,2583
2026-09-16,38,plant-B,line-B7,machine-B6,lot-8,DN,aPZT,pass,pass,0,2515,2552
2026-09-16,38,plant-B,line-B7,machine-B6,lot-8,DN,aPZT,category-4,sub-a2,26,0,26
2026-09-16,38,plant-A,line-A9,machine-A9,lot-3,UP,aPZT,category-5,sub-a5,31,0,31
2026-09-16,38,plant-B,line-B6,machine-B1,lot-4,UP,aPZT,category-3,sub-a5,15,0,15
2026-09-16,38,plant-B,line-B7,machine-B6,lot-8,DN,bPZT,category-2,sub-b1,10,0,10
2026-09-16,38,plant-A,line-A10,machine-A1,lot-1,DN,aPZT,category-4,sub-a9,10,0,10
2026-09-16,38,plant-B,line-B7,machine-B6,lot-8,UP,aPZT,category-2,sub-a3,16,0,16
2026-09-16,38,plant-A,line-A10,machine-A1,lot-1,DN,bPZT,category-4,,36,0,36
2026-09-16,38,plant-A,line-A9,machine-A9,lot-3,DN,bPZT,category-3,sub-b4,40,0,40
2026-09-16,38,plant-B,line-B7,machine-B6,lot-8,UP,aPZT,category-1,sub-a5,26,0,26
2026-09-16,38,plant-A,line-A9,machine-A9,lot-3,DN,aPZT,category-4,sub-a2,25,0,25
2026-09-16,38,plant-B,line-B6,machine-B1,lot-4,dn,bPZT,category-1,sub-b9,34,0,34
2026-09-16,38,plant-A,line-A9,machine-A9,lot-3,UP,aPZT,pass,pass,0,2869,2909
2026-09-16,38,plant-B,line-B6,machine-B1,lot-4,up,aPZT,category-2,,8,0,8
2026-09-16,38,plant-B,line-B6,machine-B1,lot-4,up,bPZT,category-5,,1,0,1
2026-09-16,38,plant-A,line-A9,machine-A9,lot-3,DN,aPZT,category-3,sub-a3,7,0,7
2026-09-16,38,plant-A,line-A9,machine-A9,lot-3,DN,aPZT,category-4,sub-a8,35,0,35
2026-09-16,38,plant-B,line-B6,machine-B1,lot-4,UP,bPZT,pass,pass,0,2970,3023
2026-09-16,38,plant-B,line-B7,machine-B6,lot-8,DN,bPZT,category-3,sub-b7,27,0,27
2026-09-17,38,plant-A,line-A10,machine-A3,lot-8,UP,aPZT,pass,pass,0,2774,2792
2026-09-17,38,plant-A,line-A4,machine-A4,lot-9,Up,aPZT,category-3,sub-a10,14,0,14
2026-09-17,38,plant-A,line-A10,machine-A3,lot-8,DN,bPZT,category-5,sub-b8,18,0,18
2026-09-17,38,plant-A,line-A10,machine-A3,lot-8,DN,aPZT,category-3,sub-a6,22,0,22
2026-09-17,38,plant-A,line-A4,machine-A4,lot-9,UP,aPZT,category-2,sub-a6,2,0,2
2026-09-17,38,plant-A,line-A10,machine-A3,lot-8,UP,aPZT,category-4,sub-a6,11,0,11
2026-09-17,38,plant-A,line-A4,machine-A4,lot-9,UP,aPZT,pass,pass,0,2086,2109
2026-09-17,38,plant-A,line-A1,machine-A4,lot-6,DN,bPZT,pass,pass,0,2169,2208
2026-09-17,38,plant-A,line-A1,machine-A4,lot-6,UP,bPZT,category-3,sub-b6,13,0,13
2026-09-17,38,plant-A,line-A10,machine-A3,lot-8,DN,aPZT,category-5,sub-a8,7,0,7
2026-09-17,38,plant-A,line-A1,machine-A4,lot-6,DN,bPZT,category-1,sub-b10,28,0,28
2026-09-17,38,plant-B,line-B9,machine-B3,lot-3,UP,bPZT,pass,pass,0,2849,2891
2026-09-17,38,plant-A,line-A4,machine-A4,lot-9,dN,bPZT,category-4,sub-b1,23,0,23
2026-09-17,38,plant-B,line-B9,machine-B3,lot-3,UP,aPZT,category-3,sub-a4,9,0,9
2026-09-17,38,plant-A,line-A10,machine-A3,lot-8,DN,aPZT,category-4,sub-a5,10,0,10
2026-09-17,38,plant-A,line-A1,machine-A4,lot-6,DN,bPZT,category-4,sub-b1,29,0,29
2026-09-17,38,plant-A,line-A4,machine-A4,lot-9,UP,aPZT,category-5,sub-a8,3,0,3
2026-09-17,38,plant-A,line-A1,machine-A4,lot-6,UP,bPZT,category-3,,27,0,27
2026-09-17,38,plant-B,line-B9,machine-B3,lot-3,DN,bPZT,category-3,sub-b1,19,0,19
2026-09-17,38,plant-A,line-A10,machine-A3,lot-8,UP,bPZT,pass,pass,0,2774,2824
2026-09-17,38,plant-A,line-A1,machine-A4,lot-6,UP,aPZT,pass,pass,0,2169,2266
2026-09-17,38,plant-B,line-B9,machine-B3,lot-3,UP,aPZT,category-5,sub-a4,12,0,12
2026-09-17,38,plant-A,line-A4,machine-A4,lot-9,DN,aPZT,category-2,sub-a4,21,0,21
2026-09-17,38,plant-A,line-A4,machine-A4,lot-9,UP,bPZT,pass,pass,0,2086,2153
2026-09-17,38,plant-A,line-A1,machine-A4,lot-6,UP,aPZT,category-5,sub-a3,24,0,24
2026-09-17,38,plant-B,line-B9,machine-B3,lot-3,DN,aPZT,pass,pass,0,2849,2889
2026-09-17,38,plant-A,line-A4,machine-A4,lot-9,UP,aPZT,category-5,sub-a6,27,0,27
2026-09-17,38,plant-A,line-A1,machine-A4,lot-6,UP,aPZT,category-2,sub-a1,15,0,15
2026-09-17,38,plant-B,line-B9,machine-B3,lot-3,UP,aPZT,category-5,sub-a2,21,0,21
2026-09-17,38,plant-B,line-B9,machine-B3,lot-3,DN,bPZT,category-1,sub-b4,21,0,21
2026-09-18,38,plant-B,line-B9,machine-B6,lot-9,DN,aPZT,category-1,sub-a10,13,0,13
2026-09-18,38,plant-B,line-B9,machine-B6,lot-9,UP,aPZT,category-4,sub-a8,10,0,10
2026-09-18,38,plant-B,line-B7,machine-B7,lot-7,UP,bPZT,category-5,sub-b2,11,0,11
2026-09-18,38,plant-B,line-B7,machine-B7,lot-7,DN,bPZT,pass,pass,0,2417,2425
2026-09-18,38,plant-B,line-B7,machine-B7,lot-7,UP,aPZT,pass,pass,0,2417,2504
2026-09-18,38,plant-B,line-B7,machine-B7,lot-7,UP,bPZT,category-2,sub-b5,36,0,36
2026-09-18,38,plant-A,line-A4,machine-A1,lot-2,DN,bPZT,category-2,sub-b9,1,0,1
2026-09-18,38,plant-B,line-B7,machine-B7,lot-7,UP,bPZT,category-4,sub-b5,31,0,31
2026-09-18,38,plant-A,line-A4,machine-A1,lot-2,UP,aPZT,pass,pass,0,2950,3016
2026-09-18,38,plant-B,line-B9,machine-B6,lot-9,UP,aPZT,category-3,sub-a3,6,0,6
2026-09-18,38,plant-B,line-B9,machine-B6,lot-9,DN,bPZT,pass,pass,0,2488,2524
2026-09-18,38,plant-B,line-B9,machine-B6,lot-9,DN,aPZT,pass,pass,0,2488,2497
2026-09-18,38,plant-A,line-A4,machine-A1,lot-2,DN,bPZT,pass,pass,0,2950,2953
2026-09-18,38,plant-B,line-B1,machine-B5,lot-8,UP,aPZT,category-1,,33,0,33
2026-09-18,38,plant-B,line-B9,machine-B6,lot-9,DN,aPZT,category-3,sub-a2,5,0,5
2026-09-18,38,plant-B,line-B1,machine-B5,lot-8,Dn,aPZT,category-2,sub-a10,29,0,29
2026-09-18,38,plant-B,line-B9,machine-B6,lot-9,DN,bPZT,category-2,sub-b1,9,0,9
2026-09-18,38,plant-B,line-B1,machine-B5,lot-8,DN,aPZT,category-5,sub-a10,36,0,36
2026-09-18,38,plant-A,line-A4,machine-A1,lot-2,UP,bPZT,category-2,sub-b3,17,0,17
2026-09-18,38,plant-B,line-B7,machine-B7,lot-7,UP,bPZT,category-5,sub-b7,6,0,6
2026-09-18,38,plant-B,line-B7,machine-B7,lot-7,DN,aPZT,category-1,sub-a1,8,0,8
2026-09-18,38,plant-B,line-B7,machine-B7,lot-7,UP,bPZT,category-1,,3,0,3
2026-09-18,38,plant-B,line-B1,machine-B5,lot-8,DN,bPZT,pass,pass,0,2713,2811
2026-09-18,38,plant-B,line-B1,machine-B5,lot-8,DN,aPZT,pass,pass,0,2713,2755
2026-09-18,38,plant-B,line-B1,machine-B5,lot-8,UP,bPZT,category-3,,14,0,14
2026-09-18,38,plant-A,line-A4,machine-A1,lot-2,UP,aPZT,category-5,sub-a7,3,0,3
2026-09-18,38,plant-A,line-A4,machine-A1,lot-2,DN,bPZT,category-3,sub-b9,27,0,27
2026-09-18,38,plant-B,line-B9,machine-B6,lot-9,UP,aPZT,category-3,sub-a4,2,0,2
2026-09-18,38,plant-B,line-B1,machine-B5,lot-8,UP,bPZT,category-1,sub-b8,28,0,28
2026-09-18,38,plant-A,line-A4,machine-A1,lot-2,DN,bPZT,category-3,sub-b4,21,0,21
2026-09-19,38,plant-A,line-A3,machine-A8,lot-1,uP,aPZT,category-1,,11,0,11
2026-09-19,38,plant-B,line-B9,machine-B7,lot-3,DN,aPZT,category-2,sub-a5,13,0,13
2026-09-19,38,plant-A,line-A3,machine-A8,lot-1,DN,bPZT,category-2,sub-b9,40,0,40
2026-09-19,38,plant-A,line-A9,machine-A10,lot-8,UP,bPZT,category-3,,36,0,36
2026-09-19,38,plant-B,line-B9,machine-B7,lot-3,DN,bPZT,category-3,sub-b6,28,0,28
2026-09-19,38,plant-A,line-A1,machine-A1,lot-7,UP,bPZT,category-1,sub-b4,14,0,14
2026-09-19,38,plant-A,line-A1,machine-A1,lot-7,DN,aPZT,pass,pass,0,2352,2423
2026-09-19,38,plant-A,line-A3,machine-A8,lot-1,UP,aPZT,category-5,sub-a9,22,0,22
2026-09-19,38,plant-A,line-A9,machine-A10,lot-8,DN,aPZT,category-4,sub-a7,4,0,4
2026-09-19,38,plant-A,line-A3,machine-A8,lot-1,UP,bPZT,category-4,sub-b6,40,0,40
2026-09-19,38,plant-B,line-B9,machine-B7,lot-3,DN,bPZT,category-3,sub-b4,35,0,35
2026-09-19,38,plant-A,line-A9,machine-A10,lot-8,DN,aPZT,category-3,sub-a5,22,0,22
2026-09-19,38,plant-A,line-A9,machine-A10,lot-8,UP,aPZT,pass,pass,0,2691,2735
2026-09-19,38,plant-A,line-A9,machine-A10,lot-8,DN,bPZT,category-2,sub-b6,8,0,8
2026-09-19,38,plant-A,line-A3,machine-A8,lot-1,DN,aPZT,pass,pass,0,2318,2398
2026-09-19,38,plant-A,line-A9,machine-A10,lot-8,DN,bPZT,pass,pass,0,2691,2764
2026-09-19,38,plant-A,line-A3,machine-A8,lot-1,UP,bPZT,pass,pass,0,2318,2393
2026-09-19,38,plant-A,line-A1,machine-A1,lot-7,DN,aPZT,category-5,sub-a6,21,0,21
2026-09-19,38,plant-A,line-A9,machine-A10,lot-8,UP,aPZT,category-2,sub-a6,19,0,19
2026-09-19,38,plant-A,line-A1,machine-A1,lot-7,UP,bPZT,category-1,sub-b6,18,0,18
2026-09-19,38,plant-A,line-A1,machine-A1,lot-7,UP,bPZT,category-2,sub-b3,11,0,11
2026-09-19,38,plant-B,line-B9,machine-B7,lot-3,DN,aPZT,pass,pass,0,2091,2197
2026-09-19,38,plant-A,line-A3,machine-A8,lot-1,DN,aPZT,category-5,sub-a6,14,0,14
2026-09-19,38,plant-B,line-B9,machine-B7,lot-3,DN,bPZT,pass,,0,2091,2104
2026-09-19,38,plant-A,line-A9,machine-A10,lot-8,uP,aPZT,category-3,sub-a9,28,0,28
2026-09-19,38,plant-A,line-A3,machine-A8,lot-1,UP,aPZT,category-3,sub-a1,28,0,28
2026-09-19,38,plant-B,line-B9,machine-B7,lot-3,UP,bPZT,category-2,sub-b8,23,0,23
2026-09-19,38,plant-A,line-A1,machine-A1,lot-7,UP,bPZT,category-4,sub-b5,28,0,28
2026-09-19,38,plant-A,line-A1,machine-A1,lot-7,UP,bPZT,pass,pass,0,2352,2373
2026-09-19,38,plant-B,line-B9,machine-B7,lot-3,DN,bPZT,category-2,sub-b6,20,0,20
2026-09-20,38,plant-B,line-B10,machine-B4,lot-8,UP,aPZT,category-1,sub-a3,36,0,36
2026-09-20,38,plant-B,line-B10,machine-B4,lot-8,UP,bPZT,category-4,,26,0,26
2026-09-20,38,plant-A,line-A7,machine-A2,lot-7,UP,aPZT,pass,pass,0,2604,2679
2026-09-20,38,plant-B,line-B10,machine-B4,lot-8,DN,aPZT,category-3,,14,0,14
2026-09-20,38,plant-B,line-B1,machine-B6,lot-9,UP,bPZT,category-1,sub-b1,11,0,11
2026-09-20,38,plant-B,line-B1,machine-B7,lot-2,DN,aPZT,category-4,sub-a8,16,0,16
2026-09-20,38,plant-B,line-B1,machine-B7,lot-2,DN,bPZT,pass,pass,0,2418,2521
2026-09-20,38,plant-B,line-B1,machine-B6,lot-9,UP,aPZT,category-1,sub-a8,14,0,14
2026-09-20,38,plant-B,line-B10,machine-B4,lot-8,UP,bPZT,category-1,sub-b6,29,0,29
2026-09-20,38,plant-B,line-B1,machine-B6,lot-9,DN,bPZT,category-4,,1,0,1
2026-09-20,38,plant-A,line-A7,machine-A2,lot-7,UP,bPZT,category-1,sub-b6,11,0,11
2026-09-20,38,plant-B,line-B1,machine-B6,lot-9,UP,aPZT,category-5,sub-a2,30,0,30
2026-09-20,38,plant-B,line-B1,machine-B7,lot-2,DN,bPZT,category-4,sub-b1,37,0,37
2026-09-20,38,plant-B,line-B1,machine-B7,lot-2,DN,aPZT,category-5,sub-a3,23,0,23
2026-09-20,38,plant-B,line-B1,machine-B6,lot-9,DN,aPZT,category-3,sub-a8,10,0,10
2026-09-20,38,plant-A,line-A7,machine-A2,lot-7,DN,bPZT,category-4,sub-b8,13,0,13
2026-09-20,38,plant-B,line-B1,machine-B6,lot-9,DN,aPZT,pass,pass,0,2260,2286
2026-09-20,38,plant-B,line-B1,machine-B6,lot-9,UP,bPZT,pass,pass,0,2260,2314
2026-09-20,38,plant-A,line-A7,machine-A2,lot-7,UP,bPZT,category-1,sub-b2,28,0,28
2026-09-20,38,plant-B,line-B10,machine-B4,lot-8,UP,aPZT,pass,pass,0,2894,2969
2026-09-20,38,plant-B,line-B1,machine-B6,lot-9,UP,bPZT,category-1,sub-b10,14,0,14
2026-09-20,38,plant-A,line-A7,machine-A2,lot-7,UP,bPZT,category-3,sub-b7,23,0,23
2026-09-20,38,plant-B,line-B10,machine-B4,lot-8,UP,bPZT,category-1,,20,0,20
2026-09-20,38,plant-A,line-A7,machine-A2,lot-7,UP,bPZT,pass,pass,0,2604,2668
2026-09-20,38,plant-A,line-A7,machine-A2,lot-7,UP,aPZT,category-4,sub-a6,39,0,39
2026-09-20,38,plant-B,line-B10,machine-B4,lot-8,UP,bPZT,pass,pass,0,2894,2944
2026-09-20,38,plant-B,line-B1,machine-B7,lot-2,DN,aPZT,pass,pass,0,2418,2455
2026-09-20,38,plant-B,line-B1,machine-B7,lot-2,DN,aPZT,category-5,sub-a7,26,0,26
2026-09-20,38,plant-A,line-A7,machine-A2,lot-7,DN,aPZT,category-3,,25,0,25
2026-09-20,38,plant-B,line-B1,machine-B7,lot-2,UP,aPZT,category-5,sub-a7,38,0,38
2026-09-21,39,plant-B,line-B4,machine-B10,lot-4,DN,aPZT,category-1,sub-a10,3,0,3
2026-09-21,39,plant-B,line-B4,machine-B10,lot-4,UP,bPZT,category-3,sub-b8,14,0,14
2026-09-21,39,plant-B,line-B7,machine-B8,lot-10,UP,bPZT,pass,pass,0,2903,2919
2026-09-21,39,plant-B,line-B4,machine-B10,lot-4,UP,aPZT,pass,,0,2655,2726
2026-09-21,39,plant-B,line-B7,machine-B8,lot-10,DN,bPZT,category-1,sub-b6,24,0,24
2026-09-21,39,plant-A,line-A7,machine-A7,lot-3,UP,bPZT,category-2,sub-b7,15,0,15
2026-09-21,39,plant-B,line-B7,machine-B8,lot-10,UP,bPZT,category-1,sub-b7,19,0,19
2026-09-21,39,plant-B,line-B1,machine-B4,lot-8,DN,bPZT,pass,,0,2531,2638
2026-09-21,39,plant-A,line-A7,machine-A7,lot-3,UP,aPZT,category-3,sub-a6,38,0,38
2026-09-21,39,plant-B,line-B7,machine-B8,lot-10,UP,aPZT,pass,,0,2903,2970
2026-09-21,39,plant-B,line-B1,machine-B4,lot-8,UP,aPZT,pass,pass,0,2531,2588
2026-09-21,39,plant-A,line-A7,machine-A7,lot-3,UP,aPZT,pass,pass,0,2395,2458
2026-09-21,39,plant-B,line-B4,machine-B10,lot-4,DN,bPZT,category-2,sub-b8,29,0,29
2026-09-21,39,plant-A,line-A7,machine-A7,lot-3,DN,bPZT,category-1,sub-b10,9,0,9
2026-09-21,39,plant-B,line-B4,machine-B10,lot-4,UP,aPZT,category-1,sub-a9,5,0,5
2026-09-21,39,plant-B,line-B7,machine-B8,lot-10,UP,aPZT,category-2,sub-a7,16,0,16
2026-09-21,39,plant-B,line-B7,machine-B8,lot-10,DN,bPZT,category-4,sub-b10,2,0,2
2026-09-21,39,plant-B,line-B1,machine-B4,lot-8,UP,aPZT,category-3,sub-a10,25,0,25
2026-09-21,39,plant-B,line-B1,machine-B4,lot-8,DN,aPZT,category-2,sub-a5,16,0,16
2026-09-21,39,plant-B,line-B4,machine-B10,lot-4,DN,bPZT,pass,pass,0,2655,2684
2026-09-21,39,plant-B,line-B1,machine-B4,lot-8,UP,aPZT,category-5,sub-a2,36,0,36
2026-09-21,39,plant-B,line-B7,machine-B8,lot-10,UP,bPZT,category-3,sub-b7,22,0,22
2026-09-21,39,plant-A,line-A7,machine-A7,lot-3,DN,bPZT,category-4,sub-b7,39,0,39
2026-09-21,39,plant-B,line-B1,machine-B4,lot-8,UP,bPZT,category-2,sub-b5,34,0,34
2026-09-21,39,plant-A,line-A7,machine-A7,lot-3,DN,bPZT,pass,pass,0,2395,2456
2026-09-21,39,plant-B,line-B4,machine-B10,lot-4,DN,bPZT,category-1,sub-b1,28,0,28
2026-09-21,39,plant-B,line-B1,machine-B4,lot-8,DN,bPZT,category-3,,23,0,23
2026-09-21,39,plant-B,line-B4,machine-B10,lot-4,UP,aPZT,category-1,sub-a8,21,0,21
2026-09-21,39,plant-A,line-A7,machine-A7,lot-3,UP,aPZT,category-2,,23,0,23
2026-09-21,39,plant-B,line-B1,machine-B4,lot-8,UP,aPZT,category-1,sub-a4,30,0,30
2026-09-22,39,plant-A,line-A1,machine-A9,lot-5,UP,bPZT,category-4,sub-b10,16,0,16
2026-09-22,39,plant-A,line-A10,machine-A2,lot-8,UP,bPZT,category-1,sub-b9,20,0,20
2026-09-22,39,plant-A,line-A1,machine-A9,lot-5,UP,bPZT,category-2,sub-b7,14,0,14
2026-09-22,39,plant-A,line-A10,machine-A2,lot-8,UP,bPZT,category-3,sub-b1,12,0,12
2026-09-22,39,plant-A,line-A2,machine-A7,lot-2,UP,bPZT,category-5,sub-b2,31,0,31
2026-09-22,39,plant-A,line-A2,machine-A7,lot-2,DN,bPZT,pass,pass,0,2862,2871
2026-09-22,39,plant-A,line-A2,machine-A7,lot-2,UP,bPZT,category-3,sub-b2,27,0,27
2026-09-22,39,plant-A,line-A2,machine-A7,lot-2,DN,aPZT,category-3,sub-a5,9,0,9
2026-09-22,39,plant-A,line-A7,machine-A4,lot-9,UP,aPZT,category-3,sub-a4,9,0,9
2026-09-22,39,plant-A,line-A1,machine-A9,lot-5,DN,bPZT,category-5,sub-b1,32,0,32
2026-09-22,39,plant-A,line-A7,machine-A4,lot-9,UP,aPZT,category-3,sub-a3,33,0,33
2026-09-22,39,plant-A,line-A10,machine-A2,lot-8,DN,aPZT,pass,pass,0,2601,2692
2026-09-22,39,plant-A,line-A2,machine-A7,lot-2,DN,bPZT,category-3,sub-b3,34,0,34
2026-09-22,39,plant-A,line-A10,machine-A2,lot-8,DN,bPZT,category-3,sub-b2,26,0,26
2026-09-22,39,plant-A,line-A10,machine-A2,lot-8,UP,bPZT,category-2,sub-b3,14,0,14
2026-09-22,39,plant-A,line-A10,machine-A2,lot-8,UP,bPZT,pass,pass,0,2601,2630
2026-09-22,39,plant-A,line-A10,machine-A2,lot-8,DN,aPZT,category-3,sub-a10,29,0,29
2026-09-22,39,plant-A,line-A1,machine-A9,lot-5,DN,aPZT,pass,pass,0,2717,2794
2026-09-22,39,plant-A,line-A1,machine-A9,lot-5,UP,aPZT,category-4,sub-a4,20,0,20
2026-09-22,39,plant-A,line-A10,machine-A2,lot-8,DN,bPZT,category-5,sub-b3,19,0,19
2026-09-22,39,plant-A,line-A2,machine-A7,lot-2,UP,bPZT,category-3,sub-b3,16,0,16
2026-09-22,39,plant-A,line-A1,machine-A9,lot-5,UP,bPZT,pass,pass,0,2717,2737
2026-09-22,39,plant-A,line-A7,machine-A4,lot-9,DN,bPZT,pass,pass,0,2087,2222
2026-09-22,39,plant-A,line-A1,machine-A9,lot-5,UP,bPZT,category-2,sub-b1,15,0,15
2026-09-22,39,plant-A,line-A7,machine-A4,lot-9,DN,aPZT,pass,pass,0,2087,2120
2026-09-22,39,plant-A,line-A2,machine-A7,lot-2,UP,aPZT,pass,pass,0,2862,2970
2026-09-22,39,plant-A,line-A7,machine-A4,lot-9,DN,bPZT,category-5,,33,0,33
2026-09-22,39,plant-A,line-A7,machine-A4,lot-9,UP,aPZT,category-5,sub-a1,38,0,38
2026-09-22,39,plant-A,line-A7,machine-A4,lot-9,DN,aPZT,category-2,sub-a7,31,0,31
2026-09-22,39,plant-A,line-A7,machine-A4,lot-9,UP,aPZT,category-4,sub-a8,24,0,24
2026-09-23,39,plant-B,line-B2,machine-B7,lot-6,DN,bPZT,category-4,sub-b4,9,0,9
2026-09-23,39,plant-A,line-A4,machine-A10,lot-5,UP,bPZT,pass,pass,0,2682,2770
2026-09-23,39,plant-B,line-B2,machine-B7,lot-6,UP,bPZT,category-3,sub-b7,38,0,38
2026-09-23,39,plant-A,line-A2,machine-A5,lot-7,UP,aPZT,category-4,sub-a9,16,0,16
2026-09-23,39,plant-A,line-A4,machine-A10,lot-5,UP,aPZT,pass,pass,0,2682,2695
2026-09-23,39,plant-A,line-A4,machine-A7,lot-10,UP,aPZT,category-5,,15,0,15
2026-09-23,39,plant-A,line-A2,machine-A5,lot-7,DN,aPZT,category-4,,38,0,38
2026-09-23,39,plant-A,line-A4,machine-A7,lot-10,UP,bPZT,category-3,sub-b9,11,0,11
2026-09-23,39,plant-A,line-A4,machine-A10,lot-5,UP,aPZT,category-2,sub-a6,7,0,7
2026-09-23,39,plant-A,line-A2,machine-A5,lot-7,DN,bPZT,category-3,sub-b3,11,0,11
2026-09-23,39,plant-A,line-A4,machine-A10,lot-5,DN,bPZT,category-3,sub-b7,13,0,13
2026-09-23,39,plant-A,line-A2,machine-A5,lot-7,DN,aPZT,category-4,,13,0,13
2026-09-23,39,plant-A,line-A4,machine-A7,lot-10,DN,bPZT,pass,pass,0,2237,2292
2026-09-23,39,plant-A,line-A4,machine-A7,lot-10,DN,bPZT,category-3,sub-b7,14,0,14
2026-09-23,39,plant-B,line-B2,machine-B7,lot-6,Up,aPZT,category-1,,34,0,34
2026-09-23,39,plant-A,line-A2,machine-A5,lot-7,DN,bPZT,pass,pass,0,2553,2634
2026-09-23,39,plant-B,line-B2,machine-B7,lot-6,UP,aPZT,category-1,sub-a8,16,0,16
2026-09-23,39,plant-A,line-A2,machine-A5,lot-7,DN,aPZT,pass,pass,0,2553,2594
2026-09-23,39,plant-A,line-A4,machine-A7,lot-10,UP,aPZT,category-2,,31,0,31
2026-09-23,39,plant-B,line-B2,machine-B7,lot-6,DN,aPZT,pass,pass,0,2697,2797
2026-09-23,39,plant-B,line-B2,machine-B7,lot-6,UP,bPZT,category-5,sub-b6,13,0,13
2026-09-23,39,plant-A,line-A4,machine-A10,lot-5,DN,aPZT,category-1,,35,0,35
2026-09-23,39,plant-B,line-B2,machine-B7,lot-6,DN,bPZT,category-2,sub-b9,40,0,40
2026-09-23,39,plant-B,line-B2,machine-B7,lot-6,UP,bPZT,pass,pass,0,2697,2747
2026-09-23,39,plant-A,line-A4,machine-A10,lot-5,UP,aPZT,category-4,sub-a1,28,0,28
2026-09-23,39,plant-A,line-A2,machine-A5,lot-7,UP,bPZT,category-3,sub-b2,30,0,30
2026-09-23,39,plant-A,line-A4,machine-A10,lot-5,UP,aPZT,category-3,,18,0,18
2026-09-23,39,plant-A,line-A2,machine-A5,lot-7,DN,aPZT,category-1,sub-a9,14,0,14
2026-09-23,39,plant-A,line-A4,machine-A7,lot-10,UP,aPZT,category-2,sub-a4,9,0,9
2026-09-23,39,plant-A,line-A4,machine-A7,lot-10,DN,aPZT,pass,pass,0,2237,2262
2026-09-24,39,plant-A,line-A4,machine-A4,lot-10,UP,bPZT,category-4,sub-b9,2,0,2
2026-09-24,39,plant-A,line-A7,machine-A10,lot-2,DN,aPZT,category-4,sub-a2,30,0,30
2026-09-24,39,plant-B,line-B8,machine-B9,lot-7,UP,bPZT,category-3,sub-b4,26,0,26
2026-09-24,39,plant-B,line-B8,machine-B9,lot-7,UP,aPZT,category-3,sub-a10,20,0,20
2026-09-24,39,plant-B,line-B8,machine-B9,lot-7,DN,bPZT,category-2,sub-b2,32,0,32
2026-09-24,39,plant-B,line-B8,machine-B9,lot-7,UP,aPZT,category-5,sub-a3,28,0,28
2026-09-24,39,plant-A,line-A7,machine-A10,lot-2,DN,bPZT,category-2,sub-b5,14,0,14
2026-09-24,39,plant-B,line-B6,machine-B1,lot-6,UP,bPZT,category-4,sub-b8,14,0,14
2026-09-24,39,plant-B,line-B8,machine-B9,lot-7,UP,aPZT,category-4,,26,0,26
2026-09-24,39,plant-A,line-A7,machine-A10,lot-2,UP,bPZT,category-1,sub-b8,9,0,9
2026-09-24,39,plant-A,line-A7,machine-A10,lot-2,DN,bPZT,pass,pass,0,2291,2322
2026-09-24,39,plant-A,line-A7,machine-A10,lot-2,dn,bPZT,category-4,,30,0,30
2026-09-24,39,plant-B,line-B6,machine-B1,lot-6,DN,bPZT,pass,pass,0,2201,2256
2026-09-24,39,plant-A,line-A4,machine-A4,lot-10,UP,aPZT,category-3,sub-a9,18,0,18
2026-09-24,39,plant-B,line-B8,machine-B9,lot-7,UP,bPZT,pass,pass,0,2255,2329
2026-09-24,39,plant-B,line-B6,machine-B1,lot-6,UP,aPZT,category-3,sub-a1,15,0,15
2026-09-24,39,plant-B,line-B6,machine-B1,lot-6,UP,bPZT,category-5,sub-b5,17,0,17
2026-09-24,39,plant-A,line-A4,machine-A4,lot-10,up,bPZT,pass,,0,2238,2318
2026-09-24,39,plant-A,line-A4,machine-A4,lot-10,DN,aPZT,category-4,sub-a1,33,0,33
2026-09-24,39,plant-B,line-B6,machine-B1,lot-6,Up,aPZT,pass,pass,0,2201,2237
2026-09-24,39,plant-B,line-B6,machine-B1,lot-6,UP,aPZT,category-3,sub-a3,20,0,20
2026-09-24,39,plant-B,line-B8,machine-B9,lot-7,UP,bPZT,category-3,sub-b10,11,0,11
2026-09-24,39,plant-B,line-B8,machine-B9,lot-7,DN,aPZT,pass,pass,0,2255,2324
2026-09-24,39,plant-A,line-A4,machine-A4,lot-10,UP,bPZT,category-5,sub-b7,34,0,34
2026-09-24,39,plant-A,line-A4,machine-A4,lot-10,UP,aPZT,category-4,sub-a8,29,0,29
2026-09-24,39,plant-A,line-A4,machine-A4,lot-10,up,aPZT,pass,pass,0,2238,2274
2026-09-24,39,plant-B,line-B6,machine-B1,lot-6,DN,aPZT,category-2,sub-a3,20,0,20
2026-09-24,39,plant-A,line-A7,machine-A10,lot-2,DN,aPZT,pass,pass,0,2291,2344
2026-09-24,39,plant-B,line-B6,machine-B1,lot-6,DN,bPZT,category-5,sub-b6,5,0,5
2026-09-24,39,plant-A,line-A7,machine-A10,lot-2,up,aPZT,category-1,,1,0,1
2026-09-25,39,plant-B,line-B5,machine-B8,lot-3,Dn,bPZT,category-2,sub-b8,38,0,38
2026-09-25,39,plant-B,line-B3,machine-B5,lot-10,DN,bPZT,pass,pass,0,2280,2345
2026-09-25,39,plant-A,line-A10,machine-A4,lot-6,UP,bPZT,category-3,sub-b1,30,0,30
2026-09-25,39,plant-B,line-B5,machine-B8,lot-3,DN,aPZT,category-3,sub-a8,24,0,24
2026-09-25,39,plant-B,line-B5,machine-B8,lot-3,DN,bPZT,category-4,sub-b6,19,0,19
2026-09-25,39,plant-A,line-A10,machine-A4,lot-6,UP,bPZT,pass,pass,0,2786,2837
2026-09-25,39,plant-A,line-A3,machine-A6,lot-7,DN,aPZT,category-1,sub-a10,20,0,20
2026-09-25,39,plant-A,line-A3,machine-A6,lot-7,DN,bPZT,category-1,sub-b2,16,0,16
2026-09-25,39,plant-B,line-B3,machine-B5,lot-10,UP,bPZT,category-3,sub-b10,7,0,7
2026-09-25,39,plant-A,line-A3,machine-A6,lot-7,DN,bPZT,category-3,sub-b8,34,0,34
2026-09-25,39,plant-B,line-B5,machine-B8,lot-3,UP,aPZT,category-2,sub-a2,8,0,8
2026-09-25,39,plant-B,line-B5,machine-B8,lot-3,UP,bPZT,pass,,0,2439,2509
2026-09-25,39,plant-B,line-B3,machine-B5,lot-10,UP,aPZT,category-4,sub-a2,13,0,13
2026-09-25,39,plant-A,line-A3,machine-A6,lot-7,UP,bPZT,category-4,sub-b3,23,0,23
2026-09-25,39,plant-B,line-B5,machine-B8,lot-3,UP,aPZT,pass,pass,0,2439,2506
2026-09-25,39,plant-B,line-B3,machine-B5,lot-10,UP,aPZT,pass,pass,0,2280,2323
2026-09-25,39,plant-A,line-A10,machine-A4,lot-6,DN,aPZT,pass,pass,0,2786,2861
2026-09-25,39,plant-A,line-A3,machine-A6,lot-7,DN,aPZT,category-4,sub-a1,30,0,30
2026-09-25,39,plant-B,line-B3,machine-B5,lot-10,UP,aPZT,category-1,sub-a9,28,0,28
2026-09-25,39,plant-B,line-B5,machine-B8,lot-3,DN,aPZT,category-5,sub-a2,38,0,38
2026-09-25,39,plant-A,line-A10,machine-A4,lot-6,UP,aPZT,category-5,sub-a1,12,0,12
2026-09-25,39,plant-B,line-B5,machine-B8,lot-3,UP,bPZT,category-5,sub-b6,10,0,10
2026-09-25,39,plant-A,line-A3,machine-A6,lot-7,UP,aPZT,pass,pass,0,2984,3078
2026-09-25,39,plant-A,line-A3,machine-A6,lot-7,UP,bPZT,pass,pass,0,2984,3034
2026-09-25,39,plant-A,line-A10,machine-A4,lot-6,DN,aPZT,category-4,sub-a5,39,0,39
2026-09-25,39,plant-B,line-B3,machine-B5,lot-10,DN,bPZT,category-3,sub-b9,36,0,36
2026-09-25,39,plant-A,line-A3,machine-A6,lot-7,DN,bPZT,category-4,sub-b6,21,0,21
2026-09-25,39,plant-B,line-B3,machine-B5,lot-10,DN,aPZT,category-1,sub-a8,24,0,24
2026-09-25,39,plant-A,line-A10,machine-A4,lot-6,UP,bPZT,category-5,sub-b5,29,0,29
2026-09-25,39,plant-A,line-A10,machine-A4,lot-6,UP,bPZT,category-4,sub-b5,16,0,16
2026-09-26,39,plant-B,line-B1,machine-B7,lot-7,UP,aPZT,category-1,sub-a9,34,0,34
2026-09-26,39,plant-B,line-B1,machine-B7,lot-7,DN,aPZT,category-4,sub-a6,17,0,17
2026-09-26,39,plant-A,line-A4,machine-A2,lot-1,DN,bPZT,category-2,sub-b2,29,0,29
2026-09-26,39,plant-A,line-A4,machine-A2,lot-1,UP,bPZT,category-5,sub-b8,24,0,24
2026-09-26,39,plant-A,line-A3,machine-A9,lot-8,UP,bPZT,category-5,sub-b5,31,0,31
2026-09-26,39,plant-A,line-A4,machine-A2,lot-1,UP,bPZT,category-1,sub-b1,1,0,1
2026-09-26,39,plant-B,line-B9,machine-B5,lot-2,UP,aPZT,category-4,sub-a6,35,0,35
2026-09-26,39,plant-B,line-B1,machine-B7,lot-7,UP,bPZT,category-1,sub-b10,15,0,15
2026-09-26,39,plant-B,line-B9,machine-B5,lot-2,DN,bPZT,category-2,sub-b9,20,0,20
2026-09-26,39,plant-B,line-B9,machine-B5,lot-2,uP,aPZT,category-3,,30,0,30
2026-09-26,39,plant-A,line-A3,machine-A9,lot-8,DN,bPZT,category-3,sub-b9,28,0,28
2026-09-26,39,plant-B,line-B1,machine-B7,lot-7,DN,bPZT,category-3,sub-b3,22,0,22
2026-09-26,39,plant-B,line-B1,machine-B7,lot-7,DN,aPZT,pass,pass,0,2029,2100
2026-09-26,39,plant-B,line-B1,machine-B7,lot-7,DN,aPZT,category-2,sub-a2,38,0,38
2026-09-26,39,plant-A,line-A3,machine-A9,lot-8,uP,bPZT,pass,,0,2809,2821
2026-09-26,39,plant-A,line-A3,machine-A9,lot-8,UP,aPZT,category-2,sub-a7,12,0,12
2026-09-26,39,plant-A,line-A3,machine-A9,lot-8,UP,bPZT,category-4,sub-b4,37,0,37
2026-09-26,39,plant-B,line-B1,machine-B7,lot-7,UP,bPZT,pass,pass,0,2029,2118
2026-09-26,39,plant-A,line-A4,machine-A2,lot-1,UP,bPZT,category-4,sub-b1,7,0,7
2026-09-26,39,plant-A,line-A4,machine-A2,lot-1,DN,bPZT,pass,pass,0,2186,2221
2026-09-26,39,plant-A,line-A4,machine-A2,lot-1,UP,aPZT,pass,pass,0,2186,2247
2026-09-26,39,plant-A,line-A3,machine-A9,lot-8,UP,bPZT,category-4,sub-b2,26,0,26
2026-09-26,39,plant-B,line-B9,machine-B5,lot-2,UP,bPZT,pass,pass,0,2129,2194
2026-09-26,39,plant-A,line-A4,machine-A2,lot-1,DN,aPZT,category-2,sub-a5,4,0,4
2026-09-26,39,plant-B,line-B9,machine-B5,lot-2,UP,aPZT,pass,pass,0,2129,2157
2026-09-26,39,plant-B,line-B9,machine-B5,lot-2,UP,bPZT,category-4,sub-b6,1,0,1
2026-09-26,39,plant-A,line-A4,machine-A2,lot-1,DN,aPZT,category-2,sub-a4,31,0,31
2026-09-26,39,plant-B,line-B1,machine-B7,lot-7,DN,bPZT,category-2,sub-b3,34,0,34
2026-09-26,39,plant-B,line-B9,machine-B5,lot-2,UP,bPZT,category-1,sub-b9,7,0,7
2026-09-26,39,plant-A,line-A3,machine-A9,lot-8,DN,aPZT,pass,pass,0,2809,2931
2026-09-27,39,plant-A,line-A5,machine-A6,lot-1,UP,bPZT,category-3,sub-b5,24,0,24
2026-09-27,39,plant-A,line-A2,machine-A2,lot-4,DN,aPZT,category-4,sub-a7,26,0,26
2026-09-27,39,plant-A,line-A2,machine-A2,lot-4,UP,aPZT,category-2,sub-a10,18,0,18
2026-09-27,39,plant-A,line-A5,machine-A6,lot-1,UP,aPZT,category-4,sub-a5,30,0,30
2026-09-27,39,plant-A,line-A5,machine-A6,lot-1,DN,bPZT,pass,,0,2464,2557
2026-09-27,39,plant-A,line-A9,machine-A8,lot-9,DN,aPZT,category-2,sub-a3,23,0,23
2026-09-27,39,plant-A,line-A2,machine-A2,lot-4,DN,aPZT,pass,pass,0,2564,2624
2026-09-27,39,plant-B,line-B4,machine-B8,lot-2,UP,aPZT,pass,pass,0,2857,2887
2026-09-27,39,plant-A,line-A9,machine-A8,lot-9,DN,aPZT,pass,pass,0,2542,2551
2026-09-27,39,plant-B,line-B4,machine-B8,lot-2,DN,aPZT,category-4,sub-a3,26,0,26
2026-09-27,39,plant-B,line-B4,machine-B8,lot-2,DN,aPZT,category-2,sub-a5,3,0,3
2026-09-27,39,plant-A,line-A9,machine-A8,lot-9,DN,bPZT,category-3,sub-b8,9,0,9
2026-09-27,39,plant-A,line-A9,machine-A8,lot-9,UP,aPZT,category-5,sub-a6,26,0,26
2026-09-27,39,plant-A,line-A5,machine-A6,lot-1,UP,bPZT,category-2,sub-b1,10,0,10
2026-09-27,39,plant-A,line-A5,machine-A6,lot-1,UP,aPZT,category-5,sub-a4,31,0,31
2026-09-27,39,plant-B,line-B4,machine-B8,lot-2,DN,aPZT,category-3,sub-a7,10,0,10
2026-09-27,39,plant-A,line-A5,machine-A6,lot-1,UP,aPZT,category-1,sub-a4,3,0,3
2026-09-27,39,plant-B,line-B4,machine-B8,lot-2,UP,bPZT,category-2,sub-b1,30,0,30
2026-09-27,39,plant-A,line-A5,machine-A6,lot-1,UP,aPZT,pass,pass,0,2464,2498
2026-09-27,39,plant-B,line-B4,machine-B8,lot-2,DN,aPZT,category-5,sub-a5,25,0,25
2026-09-27,39,plant-A,line-A9,machine-A8,lot-9,UP,bPZT,pass,pass,0,2542,2650
2026-09-27,39,plant-A,line-A2,machine-A2,lot-4,UP,aPZT,category-2,sub-a9,19,0,19
2026-09-27,39,plant-A,line-A9,machine-A8,lot-9,UP,aPZT,category-2,sub-a6,24,0,24
2026-09-27,39,plant-A,line-A2,machine-A2,lot-4,DN,bPZT,pass,pass,0,2564,2627
2026-09-27,39,plant-A,line-A9,machine-A8,lot-9,DN,aPZT,category-3,sub-a9,35,0,35
2026-09-27,39,plant-B,line-B4,machine-B8,lot-2,Dn,aPZT,category-2,sub-a5,16,0,16
2026-09-27,39,plant-B,line-B4,machine-B8,lot-2,DN,bPZT,pass,pass,0,2857,2937
2026-09-27,39,plant-A,line-A2,machine-A2,lot-4,up,bPZT,category-3,,40,0,40
2026-09-27,39,plant-A,line-A2,machine-A2,lot-4,DN,bPZT,category-5,sub-b10,20,0,20
2026-09-27,39,plant-A,line-A5,machine-A6,lot-1,UP,aPZT,category-5,sub-a2,29,0,29
2026-09-28,40,plant-B,line-B3,machine-B10,lot-3,DN,bPZT,pass,pass,0,2983,3033
2026-09-28,40,plant-B,line-B3,machine-B10,lot-3,UP,bPZT,category-3,sub-b4,17,0,17
2026-09-28,40,plant-A,line-A8,machine-A10,lot-9,UP,aPZT,category-5,,32,0,32
2026-09-28,40,plant-A,line-A8,machine-A10,lot-9,DN,aPZT,category-4,sub-a7,5,0,5
2026-09-28,40,plant-A,line-A8,machine-A10,lot-9,UP,aPZT,category-1,sub-a5,36,0,36
2026-09-28,40,plant-B,line-B2,machine-B5,lot-6,UP,aPZT,pass,pass,0,2553,2611
2026-09-28,40,plant-A,line-A8,machine-A10,lot-9,UP,aPZT,pass,,0,2173,2195
2026-09-28,40,plant-B,line-B2,machine-B5,lot-6,UP,bPZT,pass,pass,0,2553,2590
2026-09-28,40,plant-B,line-B3,machine-B10,lot-3,UP,bPZT,category-1,sub-b2,4,0,4
2026-09-28,40,plant-A,line-A8,machine-A10,lot-9,DN,aPZT,category-4,sub-a3,31,0,31
2026-09-28,40,plant-B,line-B2,machine-B5,lot-6,Up,bPZT,category-3,,3,0,3
2026-09-28,40,plant-B,line-B9,machine-B2,lot-5,DN,bPZT,category-3,sub-b8,19,0,19
2026-09-28,40,plant-B,line-B3,machine-B10,lot-3,DN,aPZT,category-5,sub-a2,31,0,31
2026-09-28,40,plant-B,line-B3,machine-B10,lot-3,UP,bPZT,category-2,sub-b10,6,0,6
2026-09-28,40,plant-B,line-B2,machine-B5,lot-6,DN,bPZT,category-2,sub-b9,26,0,26
2026-09-28,40,plant-B,line-B2,machine-B5,lot-6,DN,aPZT,category-3,sub-a1,20,0,20
2026-09-28,40,plant-B,line-B3,machine-B10,lot-3,UP,aPZT,pass,pass,0,2983,3010
2026-09-28,40,plant-B,line-B9,machine-B2,lot-5,UP,aPZT,category-4,sub-a4,12,0,12
2026-09-28,40,plant-B,line-B3,machine-B10,lot-3,UP,aPZT,category-2,sub-a8,12,0,12
2026-09-28,40,plant-B,line-B2,machine-B5,lot-6,UP,bPZT,category-4,sub-b7,29,0,29
2026-09-28,40,plant-B,line-B9,machine-B2,lot-5,UP,bPZT,category-4,sub-b7,39,0,39
2026-09-28,40,plant-B,line-B2,machine-B5,lot-6,DN,aPZT,category-3,sub-a6,17,0,17
2026-09-28,40,plant-B,line-B9,machine-B2,lot-5,DN,aPZT,category-5,sub-a4,9,0,9
2026-09-28,40,plant-A,line-A8,machine-A10,lot-9,UP,bPZT,pass,pass,0,2173,2291
2026-09-28,40,plant-B,line-B3,machine-B10,lot-3,Dn,aPZT,category-4,,7,0,7
2026-09-28,40,plant-B,line-B9,machine-B2,lot-5,UP,bPZT,pass,pass,0,2916,2959
2026-09-28,40,plant-B,line-B9,machine-B2,lot-5,UP,aPZT,pass,pass,0,2916,2974
2026-09-28,40,plant-A,line-A8,machine-A10,lot-9,UP,aPZT,category-1,sub-a5,14,0,14
2026-09-28,40,plant-B,line-B9,machine-B2,lot-5,DN,aPZT,category-2,sub-a9,22,0,22
2026-09-28,40,plant-A,line-A8,machine-A10,lot-9,DN,bPZT,category-5,sub-b4,22,0,22
2026-09-29,40,plant-B,line-B5,machine-B4,lot-2,UP,aPZT,category-5,sub-a3,16,0,16
2026-09-29,40,plant-A,line-A7,machine-A2,lot-3,DN,bPZT,pass,pass,0,2906,3000
2026-09-29,40,plant-A,line-A7,machine-A4,lot-6,DN,aPZT,category-1,sub-a3,36,0,36
2026-09-29,40,plant-A,line-A7,machine-A4,lot-6,DN,bPZT,category-1,sub-b2,13,0,13
2026-09-29,40,plant-A,line-A7,machine-A4,lot-6,DN,bPZT,category-1,sub-b10,24,0,24
2026-09-29,40,plant-A,line-A10,machine-A6,lot-1,UP,bPZT,pass,pass,0,2634,2719
2026-09-29,40,plant-A,line-A7,machine-A4,lot-6,DN,aPZT,category-2,sub-a9,25,0,25
2026-09-29,40,plant-A,line-A7,machine-A2,lot-3,UP,aPZT,pass,pass,0,2906,2929
2026-09-29,40,plant-B,line-B5,machine-B4,lot-2,DN,bPZT,category-3,sub-b1,13,0,13
2026-09-29,40,plant-A,line-A7,machine-A4,lot-6,UP,aPZT,category-1,sub-a2,4,0,4
2026-09-29,40,plant-A,line-A7,machine-A2,lot-3,DN,aPZT,category-1,sub-a2,37,0,37
2026-09-29,40,plant-A,line-A7,machine-A2,lot-3,UP,aPZT,category-4,sub-a1,18,0,18
2026-09-29,40,plant-B,line-B5,machine-B4,lot-2,UP,bPZT,category-2,sub-b9,2,0,2
2026-09-29,40,plant-A,line-A7,machine-A2,lot-3,DN,aPZT,category-3,sub-a6,28,0,28
2026-09-29,40,plant-A,line-A7,machine-A2,lot-3,DN,aPZT,category-5,sub-a4,11,0,11
2026-09-29,40,plant-A,line-A7,machine-A4,lot-6,DN,aPZT,pass,pass,0,2563,2608
2026-09-29,40,plant-A,line-A10,machine-A6,lot-1,UP,aPZT,pass,pass,0,2634,2674
2026-09-29,40,plant-B,line-B5,machine-B4,lot-2,UP,aPZT,category-5,sub-a6,34,0,34
2026-09-29,40,plant-B,line-B5,machine-B4,lot-2,UP,bPZT,pass,pass,0,2553,2617
2026-09-29,40,plant-B,line-B5,machine-B4,lot-2,UP,bPZT,category-4,sub-b2,15,0,15
2026-09-29,40,plant-A,line-A7,machine-A4,lot-6,UP,bPZT,pass,pass,0,2563,2628
2026-09-29,40,plant-A,line-A7,machine-A2,lot-3,UP,bPZT,category-2,sub-b6,23,0,23
2026-09-29,40,plant-A,line-A10,machine-A6,lot-1,DN,aPZT,category-3,sub-a2,38,0,38
2026-09-29,40,plant-A,line-A10,machine-A6,lot-1,UP,aPZT,category-5,,3,0,3
2026-09-29,40,plant-A,line-A10,machine-A6,lot-1,DN,aPZT,category-4,sub-a9,30,0,30
2026-09-29,40,plant-B,line-B5,machine-B4,lot-2,DN,aPZT,category-3,sub-a5,14,0,14
2026-09-29,40,plant-A,line-A10,machine-A6,lot-1,UP,aPZT,category-1,sub-a8,14,0,14
2026-09-29,40,plant-A,line-A7,machine-A4,lot-6,UP,bPZT,category-3,sub-b10,8,0,8
2026-09-29,40,plant-B,line-B5,machine-B4,lot-2,dN,aPZT,pass,pass,0,2553,2583
2026-09-29,40,plant-A,line-A10,machine-A6,lot-1,DN,bPZT,category-5,sub-b6,40,0,40
2026-09-30,40,plant-A,line-A5,machine-A6,lot-8,UP,bPZT,pass,pass,0,2720,2829
2026-09-30,40,plant-A,line-A9,machine-A1,lot-5,UP,bPZT,category-5,sub-b5,9,0,9
2026-09-30,40,plant-B,line-B7,machine-B1,lot-3,Up,bPZT,category-4,,20,0,20
2026-09-30,40,plant-A,line-A1,machine-A8,lot-9,DN,bPZT,pass,pass,0,2484,2528
2026-09-30,40,plant-A,line-A5,machine-A6,lot-8,DN,aPZT,pass,,0,2720,2736
2026-09-30,40,plant-B,line-B7,machine-B1,lot-3,Up,bPZT,category-2,,7,0,7
2026-09-30,40,plant-A,line-A5,machine-A6,lot-8,UP,aPZT,category-2,sub-a1,25,0,25
2026-09-30,40,plant-A,line-A5,machine-A6,lot-8,DN,aPZT,category-2,sub-a7,36,0,36
2026-09-30,40,plant-A,line-A9,machine-A1,lot-5,DN,aPZT,category-1,sub-a3,6,0,6
2026-09-30,40,plant-A,line-A1,machine-A8,lot-9,UP,bPZT,category-5,sub-b8,4,0,4
2026-09-30,40,plant-B,line-B7,machine-B1,lot-3,DN,aPZT,category-3,sub-a6,37,0,37
2026-09-30,40,plant-B,line-B7,machine-B1,lot-3,UP,aPZT,pass,pass,0,2456,2520
2026-09-30,40,plant-A,line-A5,machine-A6,lot-8,UP,aPZT,category-1,sub-a9,34,0,34
2026-09-30,40,plant-A,line-A9,machine-A1,lot-5,UP,aPZT,pass,pass,0,2278,2343
2026-09-30,40,plant-A,line-A1,machine-A8,lot-9,DN,aPZT,category-1,sub-a8,25,0,25
2026-09-30,40,plant-A,line-A9,machine-A1,lot-5,UP,aPZT,category-1,sub-a1,15,0,15
2026-09-30,40,plant-B,line-B7,machine-B1,lot-3,UP,bPZT,pass,pass,0,2456,2507
2026-09-30,40,plant-A,line-A9,machine-A1,lot-5,DN,bPZT,category-5,sub-b3,34,0,34
2026-09-30,40,plant-A,line-A5,machine-A6,lot-8,UP,aPZT,category-4,sub-a6,14,0,14
2026-09-30,40,plant-A,line-A1,machine-A8,lot-9,DN,aPZT,category-3,sub-a3,19,0,19
2026-09-30,40,plant-A,line-A9,machine-A1,lot-5,UP,bPZT,pass,pass,0,2278,2327
2026-09-30,40,plant-A,line-A1,machine-A8,lot-9,DN,aPZT,pass,pass,0,2484,2538
2026-09-30,40,plant-B,line-B7,machine-B1,lot-3,DN,bPZT,category-3,sub-b1,37,0,37
2026-09-30,40,plant-A,line-A5,machine-A6,lot-8,DN,bPZT,category-1,sub-b2,16,0,16
2026-09-30,40,plant-A,line-A1,machine-A8,lot-9,DN,bPZT,category-3,sub-b7,18,0,18
2026-09-30,40,plant-B,line-B7,machine-B1,lot-3,UP,aPZT,category-1,,7,0,7
2026-09-30,40,plant-B,line-B7,machine-B1,lot-3,Up,aPZT,category-5,sub-a7,7,0,7
2026-09-30,40,plant-A,line-A1,machine-A8,lot-9,DN,bPZT,category-2,sub-b5,32,0,32
2026-09-30,40,plant-A,line-A9,machine-A1,lot-5,DN,aPZT,category-1,sub-a6,28,0,28
2026-09-30,40,plant-A,line-A9,machine-A1,lot-5,DN,bPZT,category-5,sub-b10,22,0,22
